-- phpMyAdmin SQL Dump
-- version 4.5.5.1
-- http://www.phpmyadmin.net
--
-- Servidor: 127.0.0.1
-- Tiempo de generación: 28-09-2017 a las 00:50:23
-- Versión del servidor: 5.7.11
-- Versión de PHP: 5.6.19

SET SQL_MODE = "NO_AUTO_VALUE_ON_ZERO";
SET time_zone = "+00:00";


/*!40101 SET @OLD_CHARACTER_SET_CLIENT=@@CHARACTER_SET_CLIENT */;
/*!40101 SET @OLD_CHARACTER_SET_RESULTS=@@CHARACTER_SET_RESULTS */;
/*!40101 SET @OLD_COLLATION_CONNECTION=@@COLLATION_CONNECTION */;
/*!40101 SET NAMES utf8mb4 */;

--
-- Base de datos: `zion_sys_db`
--
CREATE DATABASE IF NOT EXISTS `zion_sys_db` DEFAULT CHARACTER SET utf8 COLLATE utf8_spanish_ci;
USE `zion_sys_db`;

-- --------------------------------------------------------

--
-- Estructura de tabla para la tabla `articulo`
--

CREATE TABLE `articulo` (
  `codigo` int(11) NOT NULL,
  `nombre` varchar(55) COLLATE utf8_spanish_ci NOT NULL,
  `descripcion` varchar(255) COLLATE utf8_spanish_ci NOT NULL,
  `precio` double NOT NULL,
  `stock` int(11) NOT NULL,
  `categoria` int(11) NOT NULL
) ENGINE=InnoDB DEFAULT CHARSET=utf8 COLLATE=utf8_spanish_ci;

--
-- Volcado de datos para la tabla `articulo`
--

INSERT INTO `articulo` (`codigo`, `nombre`, `descripcion`, `precio`, `stock`, `categoria`) VALUES
(1, 'Zapatillas Nike', 'zapatillas nike varios talles.', 850.5, 20, 1),
(4, 'Platos', 'Platos de porcelana', 30, 50, 4),
(5, 'Microondas', 'microondas marca sony.', 600, 20, 5);

-- --------------------------------------------------------

--
-- Estructura de tabla para la tabla `cargo`
--

CREATE TABLE `cargo` (
  `codigo` int(11) NOT NULL,
  `nombre` varchar(55) COLLATE utf8_spanish_ci NOT NULL,
  `descripcion` varchar(255) COLLATE utf8_spanish_ci NOT NULL
) ENGINE=InnoDB DEFAULT CHARSET=utf8 COLLATE=utf8_spanish_ci;

--
-- Volcado de datos para la tabla `cargo`
--

INSERT INTO `cargo` (`codigo`, `nombre`, `descripcion`) VALUES
(1, 'Atencion al Cliente', 'Responsable de atención a los clientes.'),
(5, 'Ventas', 'Encargado de ventas de productos a los clientes.'),
(6, 'Encargado de Compras', 'Se encarga del abastecimiento de stock de productos de la empresa.');

-- --------------------------------------------------------

--
-- Estructura de tabla para la tabla `categoria`
--

CREATE TABLE `categoria` (
  `codigo` int(11) NOT NULL,
  `nombre` varchar(55) COLLATE utf8_spanish_ci NOT NULL,
  `descripcion` varchar(255) COLLATE utf8_spanish_ci NOT NULL
) ENGINE=InnoDB DEFAULT CHARSET=utf8 COLLATE=utf8_spanish_ci;

--
-- Volcado de datos para la tabla `categoria`
--

INSERT INTO `categoria` (`codigo`, `nombre`, `descripcion`) VALUES
(1, 'Calzados', 'Calzados deportivos y formales.'),
(3, 'Perfumería', 'Artículos de perfumería.'),
(4, 'Bazar', 'Articulos de bazar.'),
(5, 'Electrodomesticos', 'articulos de electrodomesticos');

-- --------------------------------------------------------

--
-- Estructura de tabla para la tabla `compra`
--

CREATE TABLE `compra` (
  `codigo` int(11) NOT NULL,
  `fecha` date NOT NULL,
  `proveedor` int(11) NOT NULL,
  `empleado` int(11) NOT NULL
) ENGINE=InnoDB DEFAULT CHARSET=utf8 COLLATE=utf8_spanish_ci;

--
-- Volcado de datos para la tabla `compra`
--

INSERT INTO `compra` (`codigo`, `fecha`, `proveedor`, `empleado`) VALUES
(1, '2017-09-04', 7, 2),
(2, '2017-09-04', 7, 2);

-- --------------------------------------------------------

--
-- Estructura de tabla para la tabla `detalle_compra`
--

CREATE TABLE `detalle_compra` (
  `codigo` int(11) NOT NULL,
  `articulo` int(11) NOT NULL,
  `compra` int(11) NOT NULL,
  `cantidad` int(11) NOT NULL
) ENGINE=InnoDB DEFAULT CHARSET=utf8 COLLATE=utf8_spanish_ci;

--
-- Volcado de datos para la tabla `detalle_compra`
--

INSERT INTO `detalle_compra` (`codigo`, `articulo`, `compra`, `cantidad`) VALUES
(1, 1, 2, 3),
(2, 4, 2, 2),
(3, 5, 2, 1),
(4, 1, 2, 4);

-- --------------------------------------------------------

--
-- Estructura de tabla para la tabla `domicilio`
--

CREATE TABLE `domicilio` (
  `codigo` int(11) NOT NULL,
  `calle` varchar(55) COLLATE utf8_spanish_ci NOT NULL,
  `numero` int(11) NOT NULL,
  `codigo_postal` int(11) NOT NULL,
  `localidad` int(11) NOT NULL
) ENGINE=InnoDB DEFAULT CHARSET=utf8 COLLATE=utf8_spanish_ci;

--
-- Volcado de datos para la tabla `domicilio`
--

INSERT INTO `domicilio` (`codigo`, `calle`, `numero`, `codigo_postal`, `localidad`) VALUES
(1, 'Obispo Salguero', 777, 5000, 496),
(2, 'Obispo Salguero', 777, 5000, 496),
(3, 'Obispo Salguero', 777, 5000, 496),
(4, 'Obispo Salguero', 777, 5000, 496),
(5, 'Obispo Salguero', 777, 5000, 496),
(6, 'Obispo Salguero', 777, 5000, 445),
(7, 'Obispo Salguero', 777, 5000, 479),
(8, 'Obispo Salguero', 777, 5000, 485),
(9, '123', 123, 123123, 1),
(10, '123', 123, 123123, 1),
(11, 'Obispo Salguero', 777, 5000, 485),
(12, 'Buenos Aires', 383, 5000, 496),
(13, 'Obispo Salguero', 777, 5000, 485),
(14, 'Buenos Aires', 383, 5000, 438),
(15, 'Buenos Aires', 383, 5000, 438),
(16, 'Buenos Aires', 383, 5000, 438),
(17, 'Buenos Aires', 383, 5000, 438),
(18, 'Buenos Aires', 383, 5000, 438),
(19, 'Buenos Aires', 383, 5000, 438),
(20, 'Buenos Aires', 383, 5000, 496),
(21, 'asdfasfd', 123, 1233, 1),
(22, 'Buenos Aires', 777, 5000, 496),
(23, 'Calle', 123, 4222, 438),
(24, 'Ituzaingo', 123, 4222, 448),
(25, 'San Martin', 550, 5000, 496);

-- --------------------------------------------------------

--
-- Estructura de tabla para la tabla `empleado`
--

CREATE TABLE `empleado` (
  `codigo` int(11) NOT NULL,
  `cuil` bigint(20) NOT NULL,
  `fecha_ingreso` date NOT NULL,
  `cargo` int(11) NOT NULL,
  `persona` int(11) NOT NULL
) ENGINE=InnoDB DEFAULT CHARSET=utf8 COLLATE=utf8_spanish_ci;

--
-- Volcado de datos para la tabla `empleado`
--

INSERT INTO `empleado` (`codigo`, `cuil`, `fecha_ingreso`, `cargo`, `persona`) VALUES
(2, 20336722099, '2015-02-01', 1, 9),
(4, 20564587859, '2016-02-01', 5, 11);

-- --------------------------------------------------------

--
-- Estructura de tabla para la tabla `localidad`
--

CREATE TABLE `localidad` (
  `codigo` int(11) NOT NULL,
  `nombre` varchar(55) COLLATE utf8_spanish_ci NOT NULL,
  `provincia` int(11) NOT NULL
) ENGINE=InnoDB DEFAULT CHARSET=utf8 COLLATE=utf8_spanish_ci;

--
-- Volcado de datos para la tabla `localidad`
--

INSERT INTO `localidad` (`codigo`, `nombre`, `provincia`) VALUES
(1, '25 de Mayo', 1),
(2, '3 de febrero', 1),
(3, 'A. Alsina', 1),
(4, 'A. Gonzáles Cháves', 1),
(5, 'Aguas Verdes', 1),
(6, 'Alberti', 1),
(7, 'Arrecifes', 1),
(8, 'Ayacucho', 1),
(9, 'Azul', 1),
(10, 'Bahía Blanca', 1),
(11, 'Balcarce', 1),
(12, 'Baradero', 1),
(13, 'Benito Juárez', 1),
(14, 'Berisso', 1),
(15, 'Bolívar', 1),
(16, 'Bragado', 1),
(17, 'Brandsen', 1),
(18, 'Campana', 1),
(19, 'Cañuelas', 1),
(20, 'Capilla del Señor', 1),
(21, 'Capitán Sarmiento', 1),
(22, 'Carapachay', 1),
(23, 'Carhue', 1),
(24, 'Cariló', 1),
(25, 'Carlos Casares', 1),
(26, 'Carlos Tejedor', 1),
(27, 'Carmen de Areco', 1),
(28, 'Carmen de Patagones', 1),
(29, 'Castelli', 1),
(30, 'Chacabuco', 1),
(31, 'Chascomús', 1),
(32, 'Chivilcoy', 1),
(33, 'Colón', 1),
(34, 'Coronel Dorrego', 1),
(35, 'Coronel Pringles', 1),
(36, 'Coronel Rosales', 1),
(37, 'Coronel Suarez', 1),
(38, 'Costa Azul', 1),
(39, 'Costa Chica', 1),
(40, 'Costa del Este', 1),
(41, 'Costa Esmeralda', 1),
(42, 'Daireaux', 1),
(43, 'Darregueira', 1),
(44, 'Del Viso', 1),
(45, 'Dolores', 1),
(46, 'Don Torcuato', 1),
(47, 'Ensenada', 1),
(48, 'Escobar', 1),
(49, 'Exaltación de la Cruz', 1),
(50, 'Florentino Ameghino', 1),
(51, 'Garín', 1),
(52, 'Gral. Alvarado', 1),
(53, 'Gral. Alvear', 1),
(54, 'Gral. Arenales', 1),
(55, 'Gral. Belgrano', 1),
(56, 'Gral. Guido', 1),
(57, 'Gral. Lamadrid', 1),
(58, 'Gral. Las Heras', 1),
(59, 'Gral. Lavalle', 1),
(60, 'Gral. Madariaga', 1),
(61, 'Gral. Pacheco', 1),
(62, 'Gral. Paz', 1),
(63, 'Gral. Pinto', 1),
(64, 'Gral. Pueyrredón', 1),
(65, 'Gral. Rodríguez', 1),
(66, 'Gral. Viamonte', 1),
(67, 'Gral. Villegas', 1),
(68, 'Guaminí', 1),
(69, 'Guernica', 1),
(70, 'Hipólito Yrigoyen', 1),
(71, 'Ing. Maschwitz', 1),
(72, 'Junín', 1),
(73, 'La Plata', 1),
(74, 'Laprida', 1),
(75, 'Las Flores', 1),
(76, 'Las Toninas', 1),
(77, 'Leandro N. Alem', 1),
(78, 'Lincoln', 1),
(79, 'Loberia', 1),
(80, 'Lobos', 1),
(81, 'Los Cardales', 1),
(82, 'Los Toldos', 1),
(83, 'Lucila del Mar', 1),
(84, 'Luján', 1),
(85, 'Magdalena', 1),
(86, 'Maipú', 1),
(87, 'Mar Chiquita', 1),
(88, 'Mar de Ajó', 1),
(89, 'Mar de las Pampas', 1),
(90, 'Mar del Plata', 1),
(91, 'Mar del Tuyú', 1),
(92, 'Marcos Paz', 1),
(93, 'Mercedes', 1),
(94, 'Miramar', 1),
(95, 'Monte', 1),
(96, 'Monte Hermoso', 1),
(97, 'Munro', 1),
(98, 'Navarro', 1),
(99, 'Necochea', 1),
(100, 'Olavarría', 1),
(101, 'Partido de la Costa', 1),
(102, 'Pehuajó', 1),
(103, 'Pellegrini', 1),
(104, 'Pergamino', 1),
(105, 'Pigüé', 1),
(106, 'Pila', 1),
(107, 'Pilar', 1),
(108, 'Pinamar', 1),
(109, 'Pinar del Sol', 1),
(110, 'Polvorines', 1),
(111, 'Pte. Perón', 1),
(112, 'Puán', 1),
(113, 'Punta Indio', 1),
(114, 'Ramallo', 1),
(115, 'Rauch', 1),
(116, 'Rivadavia', 1),
(117, 'Rojas', 1),
(118, 'Roque Pérez', 1),
(119, 'Saavedra', 1),
(120, 'Saladillo', 1),
(121, 'Salliqueló', 1),
(122, 'Salto', 1),
(123, 'San Andrés de Giles', 1),
(124, 'San Antonio de Areco', 1),
(125, 'San Antonio de Padua', 1),
(126, 'San Bernardo', 1),
(127, 'San Cayetano', 1),
(128, 'San Clemente del Tuyú', 1),
(129, 'San Nicolás', 1),
(130, 'San Pedro', 1),
(131, 'San Vicente', 1),
(132, 'Santa Teresita', 1),
(133, 'Suipacha', 1),
(134, 'Tandil', 1),
(135, 'Tapalqué', 1),
(136, 'Tordillo', 1),
(137, 'Tornquist', 1),
(138, 'Trenque Lauquen', 1),
(139, 'Tres Lomas', 1),
(140, 'Villa Gesell', 1),
(141, 'Villarino', 1),
(142, 'Zárate', 1),
(143, '11 de Septiembre', 2),
(144, '20 de Junio', 2),
(145, '25 de Mayo', 2),
(146, 'Acassuso', 2),
(147, 'Adrogué', 2),
(148, 'Aldo Bonzi', 2),
(149, 'Área Reserva Cinturón Ecológico', 2),
(150, 'Avellaneda', 2),
(151, 'Banfield', 2),
(152, 'Barrio Parque', 2),
(153, 'Barrio Santa Teresita', 2),
(154, 'Beccar', 2),
(155, 'Bella Vista', 2),
(156, 'Berazategui', 2),
(157, 'Bernal Este', 2),
(158, 'Bernal Oeste', 2),
(159, 'Billinghurst', 2),
(160, 'Boulogne', 2),
(161, 'Burzaco', 2),
(162, 'Carapachay', 2),
(163, 'Caseros', 2),
(164, 'Castelar', 2),
(165, 'Churruca', 2),
(166, 'Ciudad Evita', 2),
(167, 'Ciudad Madero', 2),
(168, 'Ciudadela', 2),
(169, 'Claypole', 2),
(170, 'Crucecita', 2),
(171, 'Dock Sud', 2),
(172, 'Don Bosco', 2),
(173, 'Don Orione', 2),
(174, 'El Jagüel', 2),
(175, 'El Libertador', 2),
(176, 'El Palomar', 2),
(177, 'El Tala', 2),
(178, 'El Trébol', 2),
(179, 'Ezeiza', 2),
(180, 'Ezpeleta', 2),
(181, 'Florencio Varela', 2),
(182, 'Florida', 2),
(183, 'Francisco Álvarez', 2),
(184, 'Gerli', 2),
(185, 'Glew', 2),
(186, 'González Catán', 2),
(187, 'Gral. Lamadrid', 2),
(188, 'Grand Bourg', 2),
(189, 'Gregorio de Laferrere', 2),
(190, 'Guillermo Enrique Hudson', 2),
(191, 'Haedo', 2),
(192, 'Hurlingham', 2),
(193, 'Ing. Sourdeaux', 2),
(194, 'Isidro Casanova', 2),
(195, 'Ituzaingó', 2),
(196, 'José C. Paz', 2),
(197, 'José Ingenieros', 2),
(198, 'José Marmol', 2),
(199, 'La Lucila', 2),
(200, 'La Reja', 2),
(201, 'La Tablada', 2),
(202, 'Lanús', 2),
(203, 'Llavallol', 2),
(204, 'Loma Hermosa', 2),
(205, 'Lomas de Zamora', 2),
(206, 'Lomas del Millón', 2),
(207, 'Lomas del Mirador', 2),
(208, 'Longchamps', 2),
(209, 'Los Polvorines', 2),
(210, 'Luis Guillón', 2),
(211, 'Malvinas Argentinas', 2),
(212, 'Martín Coronado', 2),
(213, 'Martínez', 2),
(214, 'Merlo', 2),
(215, 'Ministro Rivadavia', 2),
(216, 'Monte Chingolo', 2),
(217, 'Monte Grande', 2),
(218, 'Moreno', 2),
(219, 'Morón', 2),
(220, 'Muñiz', 2),
(221, 'Olivos', 2),
(222, 'Pablo Nogués', 2),
(223, 'Pablo Podestá', 2),
(224, 'Paso del Rey', 2),
(225, 'Pereyra', 2),
(226, 'Piñeiro', 2),
(227, 'Plátanos', 2),
(228, 'Pontevedra', 2),
(229, 'Quilmes', 2),
(230, 'Rafael Calzada', 2),
(231, 'Rafael Castillo', 2),
(232, 'Ramos Mejía', 2),
(233, 'Ranelagh', 2),
(234, 'Remedios de Escalada', 2),
(235, 'Sáenz Peña', 2),
(236, 'San Antonio de Padua', 2),
(237, 'San Fernando', 2),
(238, 'San Francisco Solano', 2),
(239, 'San Isidro', 2),
(240, 'San José', 2),
(241, 'San Justo', 2),
(242, 'San Martín', 2),
(243, 'San Miguel', 2),
(244, 'Santos Lugares', 2),
(245, 'Sarandí', 2),
(246, 'Sourigues', 2),
(247, 'Tapiales', 2),
(248, 'Temperley', 2),
(249, 'Tigre', 2),
(250, 'Tortuguitas', 2),
(251, 'Tristán Suárez', 2),
(252, 'Trujui', 2),
(253, 'Turdera', 2),
(254, 'Valentín Alsina', 2),
(255, 'Vicente López', 2),
(256, 'Villa Adelina', 2),
(257, 'Villa Ballester', 2),
(258, 'Villa Bosch', 2),
(259, 'Villa Caraza', 2),
(260, 'Villa Celina', 2),
(261, 'Villa Centenario', 2),
(262, 'Villa de Mayo', 2),
(263, 'Villa Diamante', 2),
(264, 'Villa Domínico', 2),
(265, 'Villa España', 2),
(266, 'Villa Fiorito', 2),
(267, 'Villa Guillermina', 2),
(268, 'Villa Insuperable', 2),
(269, 'Villa José León Suárez', 2),
(270, 'Villa La Florida', 2),
(271, 'Villa Luzuriaga', 2),
(272, 'Villa Martelli', 2),
(273, 'Villa Obrera', 2),
(274, 'Villa Progreso', 2),
(275, 'Villa Raffo', 2),
(276, 'Villa Sarmiento', 2),
(277, 'Villa Tesei', 2),
(278, 'Villa Udaondo', 2),
(279, 'Virrey del Pino', 2),
(280, 'Wilde', 2),
(281, 'William Morris', 2),
(282, 'Capital Federal', 3),
(283, 'Aconquija', 4),
(284, 'Ancasti', 4),
(285, 'Andalgalá', 4),
(286, 'Antofagasta', 4),
(287, 'Belén', 4),
(288, 'Capayán', 4),
(289, 'Capital', 4),
(290, '4', 4),
(291, 'Corral Quemado', 4),
(292, 'El Alto', 4),
(293, 'El Rodeo', 4),
(294, 'F.Mamerto Esquiú', 4),
(295, 'Fiambalá', 4),
(296, 'Hualfín', 4),
(297, 'Huillapima', 4),
(298, 'Icaño', 4),
(299, 'La Puerta', 4),
(300, 'Las Juntas', 4),
(301, 'Londres', 4),
(302, 'Los Altos', 4),
(303, 'Los Varela', 4),
(304, 'Mutquín', 4),
(305, 'Paclín', 4),
(306, 'Poman', 4),
(307, 'Pozo de La Piedra', 4),
(308, 'Puerta de Corral', 4),
(309, 'Puerta San José', 4),
(310, 'Recreo', 4),
(311, 'S.F.V de 4', 4),
(312, 'San Fernando', 4),
(313, 'San Fernando del Valle', 4),
(314, 'San José', 4),
(315, 'Santa María', 4),
(316, 'Santa Rosa', 4),
(317, 'Saujil', 4),
(318, 'Tapso', 4),
(319, 'Tinogasta', 4),
(320, 'Valle Viejo', 4),
(321, 'Villa Vil', 4),
(322, 'Aviá Teraí', 5),
(323, 'Barranqueras', 5),
(324, 'Basail', 5),
(325, 'Campo Largo', 5),
(326, 'Capital', 5),
(327, 'Capitán Solari', 5),
(328, 'Charadai', 5),
(329, 'Charata', 5),
(330, 'Chorotis', 5),
(331, 'Ciervo Petiso', 5),
(332, 'Cnel. Du Graty', 5),
(333, 'Col. Benítez', 5),
(334, 'Col. Elisa', 5),
(335, 'Col. Popular', 5),
(336, 'Colonias Unidas', 5),
(337, 'Concepción', 5),
(338, 'Corzuela', 5),
(339, 'Cote Lai', 5),
(340, 'El Sauzalito', 5),
(341, 'Enrique Urien', 5),
(342, 'Fontana', 5),
(343, 'Fte. Esperanza', 5),
(344, 'Gancedo', 5),
(345, 'Gral. Capdevila', 5),
(346, 'Gral. Pinero', 5),
(347, 'Gral. San Martín', 5),
(348, 'Gral. Vedia', 5),
(349, 'Hermoso Campo', 5),
(350, 'I. del Cerrito', 5),
(351, 'J.J. Castelli', 5),
(352, 'La Clotilde', 5),
(353, 'La Eduvigis', 5),
(354, 'La Escondida', 5),
(355, 'La Leonesa', 5),
(356, 'La Tigra', 5),
(357, 'La Verde', 5),
(358, 'Laguna Blanca', 5),
(359, 'Laguna Limpia', 5),
(360, 'Lapachito', 5),
(361, 'Las Breñas', 5),
(362, 'Las Garcitas', 5),
(363, 'Las Palmas', 5),
(364, 'Los Frentones', 5),
(365, 'Machagai', 5),
(366, 'Makallé', 5),
(367, 'Margarita Belén', 5),
(368, 'Miraflores', 5),
(369, 'Misión N. Pompeya', 5),
(370, 'Napenay', 5),
(371, 'Pampa Almirón', 5),
(372, 'Pampa del Indio', 5),
(373, 'Pampa del Infierno', 5),
(374, 'Pdcia. de La Plaza', 5),
(375, 'Pdcia. Roca', 5),
(376, 'Pdcia. Roque Sáenz Peña', 5),
(377, 'Pto. Bermejo', 5),
(378, 'Pto. Eva Perón', 5),
(379, 'Puero Tirol', 5),
(380, 'Puerto Vilelas', 5),
(381, 'Quitilipi', 5),
(382, 'Resistencia', 5),
(383, 'Sáenz Peña', 5),
(384, 'Samuhú', 5),
(385, 'San Bernardo', 5),
(386, 'Santa Sylvina', 5),
(387, 'Taco Pozo', 5),
(388, 'Tres Isletas', 5),
(389, 'Villa Ángela', 5),
(390, 'Villa Berthet', 5),
(391, 'Villa R. Bermejito', 5),
(392, 'Aldea Apeleg', 6),
(393, 'Aldea Beleiro', 6),
(394, 'Aldea Epulef', 6),
(395, 'Alto Río Sengerr', 6),
(396, 'Buen Pasto', 6),
(397, 'Camarones', 6),
(398, 'Carrenleufú', 6),
(399, 'Cholila', 6),
(400, 'Co. Centinela', 6),
(401, 'Colan Conhué', 6),
(402, 'Comodoro Rivadavia', 6),
(403, 'Corcovado', 6),
(404, 'Cushamen', 6),
(405, 'Dique F. Ameghino', 6),
(406, 'Dolavón', 6),
(407, 'Dr. R. Rojas', 6),
(408, 'El Hoyo', 6),
(409, 'El Maitén', 6),
(410, 'Epuyén', 6),
(411, 'Esquel', 6),
(412, 'Facundo', 6),
(413, 'Gaimán', 6),
(414, 'Gan Gan', 6),
(415, 'Gastre', 6),
(416, 'Gdor. Costa', 6),
(417, 'Gualjaina', 6),
(418, 'J. de San Martín', 6),
(419, 'Lago Blanco', 6),
(420, 'Lago Puelo', 6),
(421, 'Lagunita Salada', 6),
(422, 'Las Plumas', 6),
(423, 'Los Altares', 6),
(424, 'Paso de los Indios', 6),
(425, 'Paso del Sapo', 6),
(426, 'Pto. Madryn', 6),
(427, 'Pto. Pirámides', 6),
(428, 'Rada Tilly', 6),
(429, 'Rawson', 6),
(430, 'Río Mayo', 6),
(431, 'Río Pico', 6),
(432, 'Sarmiento', 6),
(433, 'Tecka', 6),
(434, 'Telsen', 6),
(435, 'Trelew', 6),
(436, 'Trevelin', 6),
(437, 'Veintiocho de Julio', 6),
(438, 'Achiras', 7),
(439, 'Adelia Maria', 7),
(440, 'Agua de Oro', 7),
(441, 'Alcira Gigena', 7),
(442, 'Aldea Santa Maria', 7),
(443, 'Alejandro Roca', 7),
(444, 'Alejo Ledesma', 7),
(445, 'Alicia', 7),
(446, 'Almafuerte', 7),
(447, 'Alpa Corral', 7),
(448, 'Alta Gracia', 7),
(449, 'Alto Alegre', 7),
(450, 'Alto de Los Quebrachos', 7),
(451, 'Altos de Chipion', 7),
(452, 'Amboy', 7),
(453, 'Ambul', 7),
(454, 'Ana Zumaran', 7),
(455, 'Anisacate', 7),
(456, 'Arguello', 7),
(457, 'Arias', 7),
(458, 'Arroyito', 7),
(459, 'Arroyo Algodon', 7),
(460, 'Arroyo Cabral', 7),
(461, 'Arroyo Los Patos', 7),
(462, 'Assunta', 7),
(463, 'Atahona', 7),
(464, 'Ausonia', 7),
(465, 'Avellaneda', 7),
(466, 'Ballesteros', 7),
(467, 'Ballesteros Sud', 7),
(468, 'Balnearia', 7),
(469, 'Bañado de Soto', 7),
(470, 'Bell Ville', 7),
(471, 'Bengolea', 7),
(472, 'Benjamin Gould', 7),
(473, 'Berrotaran', 7),
(474, 'Bialet Masse', 7),
(475, 'Bouwer', 7),
(476, 'Brinkmann', 7),
(477, 'Buchardo', 7),
(478, 'Bulnes', 7),
(479, 'Cabalango', 7),
(480, 'Calamuchita', 7),
(481, 'Calchin', 7),
(482, 'Calchin Oeste', 7),
(483, 'Calmayo', 7),
(484, 'Camilo Aldao', 7),
(485, 'Caminiaga', 7),
(486, 'Cañada de Luque', 7),
(487, 'Cañada de Machado', 7),
(488, 'Cañada de Rio Pinto', 7),
(489, 'Cañada del Sauce', 7),
(490, 'Canals', 7),
(491, 'Candelaria Sud', 7),
(492, 'Capilla de Remedios', 7),
(493, 'Capilla de Siton', 7),
(494, 'Capilla del Carmen', 7),
(495, 'Capilla del Monte', 7),
(496, 'Capital', 7),
(497, 'Capitan Gral B. O´Higgins', 7),
(498, 'Carnerillo', 7),
(499, 'Carrilobo', 7),
(500, 'Casa Grande', 7),
(501, 'Cavanagh', 7),
(502, 'Cerro Colorado', 7),
(503, 'Chaján', 7),
(504, 'Chalacea', 7),
(505, 'Chañar Viejo', 7),
(506, 'Chancaní', 7),
(507, 'Charbonier', 7),
(508, 'Charras', 7),
(509, 'Chazón', 7),
(510, 'Chilibroste', 7),
(511, 'Chucul', 7),
(512, 'Chuña', 7),
(513, 'Chuña Huasi', 7),
(514, 'Churqui Cañada', 7),
(515, 'Cienaga Del Coro', 7),
(516, 'Cintra', 7),
(517, 'Col. Almada', 7),
(518, 'Col. Anita', 7),
(519, 'Col. Barge', 7),
(520, 'Col. Bismark', 7),
(521, 'Col. Bremen', 7),
(522, 'Col. Caroya', 7),
(523, 'Col. Italiana', 7),
(524, 'Col. Iturraspe', 7),
(525, 'Col. Las Cuatro Esquinas', 7),
(526, 'Col. Las Pichanas', 7),
(527, 'Col. Marina', 7),
(528, 'Col. Prosperidad', 7),
(529, 'Col. San Bartolome', 7),
(530, 'Col. San Pedro', 7),
(531, 'Col. Tirolesa', 7),
(532, 'Col. Vicente Aguero', 7),
(533, 'Col. Videla', 7),
(534, 'Col. Vignaud', 7),
(535, 'Col. Waltelina', 7),
(536, 'Colazo', 7),
(537, 'Comechingones', 7),
(538, 'Conlara', 7),
(539, 'Copacabana', 7),
(540, '7', 7),
(541, 'Coronel Baigorria', 7),
(542, 'Coronel Moldes', 7),
(543, 'Corral de Bustos', 7),
(544, 'Corralito', 7),
(545, 'Cosquín', 7),
(546, 'Costa Sacate', 7),
(547, 'Cruz Alta', 7),
(548, 'Cruz de Caña', 7),
(549, 'Cruz del Eje', 7),
(550, 'Cuesta Blanca', 7),
(551, 'Dean Funes', 7),
(552, 'Del Campillo', 7),
(553, 'Despeñaderos', 7),
(554, 'Devoto', 7),
(555, 'Diego de Rojas', 7),
(556, 'Dique Chico', 7),
(557, 'El Arañado', 7),
(558, 'El Brete', 7),
(559, 'El Chacho', 7),
(560, 'El Crispín', 7),
(561, 'El Fortín', 7),
(562, 'El Manzano', 7),
(563, 'El Rastreador', 7),
(564, 'El Rodeo', 7),
(565, 'El Tío', 7),
(566, 'Elena', 7),
(567, 'Embalse', 7),
(568, 'Esquina', 7),
(569, 'Estación Gral. Paz', 7),
(570, 'Estación Juárez Celman', 7),
(571, 'Estancia de Guadalupe', 7),
(572, 'Estancia Vieja', 7),
(573, 'Etruria', 7),
(574, 'Eufrasio Loza', 7),
(575, 'Falda del Carmen', 7),
(576, 'Freyre', 7),
(577, 'Gral. Baldissera', 7),
(578, 'Gral. Cabrera', 7),
(579, 'Gral. Deheza', 7),
(580, 'Gral. Fotheringham', 7),
(581, 'Gral. Levalle', 7),
(582, 'Gral. Roca', 7),
(583, 'Guanaco Muerto', 7),
(584, 'Guasapampa', 7),
(585, 'Guatimozin', 7),
(586, 'Gutenberg', 7),
(587, 'Hernando', 7),
(588, 'Huanchillas', 7),
(589, 'Huerta Grande', 7),
(590, 'Huinca Renanco', 7),
(591, 'Idiazabal', 7),
(592, 'Impira', 7),
(593, 'Inriville', 7),
(594, 'Isla Verde', 7),
(595, 'Italó', 7),
(596, 'James Craik', 7),
(597, 'Jesús María', 7),
(598, 'Jovita', 7),
(599, 'Justiniano Posse', 7),
(600, 'Km 658', 7),
(601, 'L. V. Mansilla', 7),
(602, 'La Batea', 7),
(603, 'La Calera', 7),
(604, 'La Carlota', 7),
(605, 'La Carolina', 7),
(606, 'La Cautiva', 7),
(607, 'La Cesira', 7),
(608, 'La Cruz', 7),
(609, 'La Cumbre', 7),
(610, 'La Cumbrecita', 7),
(611, 'La Falda', 7),
(612, 'La Francia', 7),
(613, 'La Granja', 7),
(614, 'La Higuera', 7),
(615, 'La Laguna', 7),
(616, 'La Paisanita', 7),
(617, 'La Palestina', 7),
(618, '12', 7),
(619, 'La Paquita', 7),
(620, 'La Para', 7),
(621, 'La Paz', 7),
(622, 'La Playa', 7),
(623, 'La Playosa', 7),
(624, 'La Población', 7),
(625, 'La Posta', 7),
(626, 'La Puerta', 7),
(627, 'La Quinta', 7),
(628, 'La Rancherita', 7),
(629, 'La Rinconada', 7),
(630, 'La Serranita', 7),
(631, 'La Tordilla', 7),
(632, 'Laborde', 7),
(633, 'Laboulaye', 7),
(634, 'Laguna Larga', 7),
(635, 'Las Acequias', 7),
(636, 'Las Albahacas', 7),
(637, 'Las Arrias', 7),
(638, 'Las Bajadas', 7),
(639, 'Las Caleras', 7),
(640, 'Las Calles', 7),
(641, 'Las Cañadas', 7),
(642, 'Las Gramillas', 7),
(643, 'Las Higueras', 7),
(644, 'Las Isletillas', 7),
(645, 'Las Junturas', 7),
(646, 'Las Palmas', 7),
(647, 'Las Peñas', 7),
(648, 'Las Peñas Sud', 7),
(649, 'Las Perdices', 7),
(650, 'Las Playas', 7),
(651, 'Las Rabonas', 7),
(652, 'Las Saladas', 7),
(653, 'Las Tapias', 7),
(654, 'Las Varas', 7),
(655, 'Las Varillas', 7),
(656, 'Las Vertientes', 7),
(657, 'Leguizamón', 7),
(658, 'Leones', 7),
(659, 'Los Cedros', 7),
(660, 'Los Cerrillos', 7),
(661, 'Los Chañaritos (C.E)', 7),
(662, 'Los Chanaritos (R.S)', 7),
(663, 'Los Cisnes', 7),
(664, 'Los Cocos', 7),
(665, 'Los Cóndores', 7),
(666, 'Los Hornillos', 7),
(667, 'Los Hoyos', 7),
(668, 'Los Mistoles', 7),
(669, 'Los Molinos', 7),
(670, 'Los Pozos', 7),
(671, 'Los Reartes', 7),
(672, 'Los Surgentes', 7),
(673, 'Los Talares', 7),
(674, 'Los Zorros', 7),
(675, 'Lozada', 7),
(676, 'Luca', 7),
(677, 'Luque', 7),
(678, 'Luyaba', 7),
(679, 'Malagueño', 7),
(680, 'Malena', 7),
(681, 'Malvinas Argentinas', 7),
(682, 'Manfredi', 7),
(683, 'Maquinista Gallini', 7),
(684, 'Marcos Juárez', 7),
(685, 'Marull', 7),
(686, 'Matorrales', 7),
(687, 'Mattaldi', 7),
(688, 'Mayu Sumaj', 7),
(689, 'Media Naranja', 7),
(690, 'Melo', 7),
(691, 'Mendiolaza', 7),
(692, 'Mi Granja', 7),
(693, 'Mina Clavero', 7),
(694, 'Miramar', 7),
(695, 'Morrison', 7),
(696, 'Morteros', 7),
(697, 'Mte. Buey', 7),
(698, 'Mte. Cristo', 7),
(699, 'Mte. De Los Gauchos', 7),
(700, 'Mte. Leña', 7),
(701, 'Mte. Maíz', 7),
(702, 'Mte. Ralo', 7),
(703, 'Nicolás Bruzone', 7),
(704, 'Noetinger', 7),
(705, 'Nono', 7),
(706, 'Nueva 7', 7),
(707, 'Obispo Trejo', 7),
(708, 'Olaeta', 7),
(709, 'Oliva', 7),
(710, 'Olivares San Nicolás', 7),
(711, 'Onagolty', 7),
(712, 'Oncativo', 7),
(713, 'Ordoñez', 7),
(714, 'Pacheco De Melo', 7),
(715, 'Pampayasta N.', 7),
(716, 'Pampayasta S.', 7),
(717, 'Panaholma', 7),
(718, 'Pascanas', 7),
(719, 'Pasco', 7),
(720, 'Paso del Durazno', 7),
(721, 'Paso Viejo', 7),
(722, 'Pilar', 7),
(723, 'Pincén', 7),
(724, 'Piquillín', 7),
(725, 'Plaza de Mercedes', 7),
(726, 'Plaza Luxardo', 7),
(727, 'Porteña', 7),
(728, 'Potrero de Garay', 7),
(729, 'Pozo del Molle', 7),
(730, 'Pozo Nuevo', 7),
(731, 'Pueblo Italiano', 7),
(732, 'Puesto de Castro', 7),
(733, 'Punta del Agua', 7),
(734, 'Quebracho Herrado', 7),
(735, 'Quilino', 7),
(736, 'Rafael García', 7),
(737, 'Ranqueles', 7),
(738, 'Rayo Cortado', 7),
(739, 'Reducción', 7),
(740, 'Rincón', 7),
(741, 'Río Bamba', 7),
(742, 'Río Ceballos', 7),
(743, 'Río Cuarto', 7),
(744, 'Río de Los Sauces', 7),
(745, 'Río Primero', 7),
(746, 'Río Segundo', 7),
(747, 'Río Tercero', 7),
(748, 'Rosales', 7),
(749, 'Rosario del Saladillo', 7),
(750, 'Sacanta', 7),
(751, 'Sagrada Familia', 7),
(752, 'Saira', 7),
(753, 'Saladillo', 7),
(754, 'Saldán', 7),
(755, 'Salsacate', 7),
(756, 'Salsipuedes', 7),
(757, 'Sampacho', 7),
(758, 'San Agustín', 7),
(759, 'San Antonio de Arredondo', 7),
(760, 'San Antonio de Litín', 7),
(761, 'San Basilio', 7),
(762, 'San Carlos Minas', 7),
(763, 'San Clemente', 7),
(764, 'San Esteban', 7),
(765, 'San Francisco', 7),
(766, 'San Ignacio', 7),
(767, 'San Javier', 7),
(768, 'San Jerónimo', 7),
(769, 'San Joaquín', 7),
(770, 'San José de La Dormida', 7),
(771, 'San José de Las Salinas', 7),
(772, 'San Lorenzo', 7),
(773, 'San Marcos Sierras', 7),
(774, 'San Marcos Sud', 7),
(775, 'San Pedro', 7),
(776, 'San Pedro N.', 7),
(777, 'San Roque', 7),
(778, 'San Vicente', 7),
(779, 'Santa Catalina', 7),
(780, 'Santa Elena', 7),
(781, 'Santa Eufemia', 7),
(782, 'Santa Maria', 7),
(783, 'Sarmiento', 7),
(784, 'Saturnino M.Laspiur', 7),
(785, 'Sauce Arriba', 7),
(786, 'Sebastián Elcano', 7),
(787, 'Seeber', 7),
(788, 'Segunda Usina', 7),
(789, 'Serrano', 7),
(790, 'Serrezuela', 7),
(791, 'Sgo. Temple', 7),
(792, 'Silvio Pellico', 7),
(793, 'Simbolar', 7),
(794, 'Sinsacate', 7),
(795, 'Sta. Rosa de Calamuchita', 7),
(796, 'Sta. Rosa de Río Primero', 7),
(797, 'Suco', 7),
(798, 'Tala Cañada', 7),
(799, 'Tala Huasi', 7),
(800, 'Talaini', 7),
(801, 'Tancacha', 7),
(802, 'Tanti', 7),
(803, 'Ticino', 7),
(804, 'Tinoco', 7),
(805, 'Tío Pujio', 7),
(806, 'Toledo', 7),
(807, 'Toro Pujio', 7),
(808, 'Tosno', 7),
(809, 'Tosquita', 7),
(810, 'Tránsito', 7),
(811, 'Tuclame', 7),
(812, 'Tutti', 7),
(813, 'Ucacha', 7),
(814, 'Unquillo', 7),
(815, 'Valle de Anisacate', 7),
(816, 'Valle Hermoso', 7),
(817, 'Vélez Sarfield', 7),
(818, 'Viamonte', 7),
(819, 'Vicuña Mackenna', 7),
(820, 'Villa Allende', 7),
(821, 'Villa Amancay', 7),
(822, 'Villa Ascasubi', 7),
(823, 'Villa Candelaria N.', 7),
(824, 'Villa Carlos Paz', 7),
(825, 'Villa Cerro Azul', 7),
(826, 'Villa Ciudad de América', 7),
(827, 'Villa Ciudad Pque Los Reartes', 7),
(828, 'Villa Concepción del Tío', 7),
(829, 'Villa Cura Brochero', 7),
(830, 'Villa de Las Rosas', 7),
(831, 'Villa de María', 7),
(832, 'Villa de Pocho', 7),
(833, 'Villa de Soto', 7),
(834, 'Villa del Dique', 7),
(835, 'Villa del Prado', 7),
(836, 'Villa del Rosario', 7),
(837, 'Villa del Totoral', 7),
(838, 'Villa Dolores', 7),
(839, 'Villa El Chancay', 7),
(840, 'Villa Elisa', 7),
(841, 'Villa Flor Serrana', 7),
(842, 'Villa Fontana', 7),
(843, 'Villa Giardino', 7),
(844, 'Villa Gral. Belgrano', 7),
(845, 'Villa Gutierrez', 7),
(846, 'Villa Huidobro', 7),
(847, 'Villa La Bolsa', 7),
(848, 'Villa Los Aromos', 7),
(849, 'Villa Los Patos', 7),
(850, 'Villa María', 7),
(851, 'Villa Nueva', 7),
(852, 'Villa Pque. Santa Ana', 7),
(853, 'Villa Pque. Siquiman', 7),
(854, 'Villa Quillinzo', 7),
(855, 'Villa Rossi', 7),
(856, 'Villa Rumipal', 7),
(857, 'Villa San Esteban', 7),
(858, 'Villa San Isidro', 7),
(859, 'Villa 21', 7),
(860, 'Villa Sarmiento (G.R)', 7),
(861, 'Villa Sarmiento (S.A)', 7),
(862, 'Villa Tulumba', 7),
(863, 'Villa Valeria', 7),
(864, 'Villa Yacanto', 7),
(865, 'Washington', 7),
(866, 'Wenceslao Escalante', 7),
(867, 'Ycho Cruz Sierras', 7),
(868, 'Alvear', 8),
(869, 'Bella Vista', 8),
(870, 'Berón de Astrada', 8),
(871, 'Bonpland', 8),
(872, 'Caá Cati', 8),
(873, 'Capital', 8),
(874, 'Chavarría', 8),
(875, 'Col. C. Pellegrini', 8),
(876, 'Col. Libertad', 8),
(877, 'Col. Liebig', 8),
(878, 'Col. Sta Rosa', 8),
(879, 'Concepción', 8),
(880, 'Cruz de Los Milagros', 8),
(881, 'Curuzú-Cuatiá', 8),
(882, 'Empedrado', 8),
(883, 'Esquina', 8),
(884, 'Estación Torrent', 8),
(885, 'Felipe Yofré', 8),
(886, 'Garruchos', 8),
(887, 'Gdor. Agrónomo', 8),
(888, 'Gdor. Martínez', 8),
(889, 'Goya', 8),
(890, 'Guaviravi', 8),
(891, 'Herlitzka', 8),
(892, 'Ita-Ibate', 8),
(893, 'Itatí', 8),
(894, 'Ituzaingó', 8),
(895, 'José Rafael Gómez', 8),
(896, 'Juan Pujol', 8),
(897, 'La Cruz', 8),
(898, 'Lavalle', 8),
(899, 'Lomas de Vallejos', 8),
(900, 'Loreto', 8),
(901, 'Mariano I. Loza', 8),
(902, 'Mburucuyá', 8),
(903, 'Mercedes', 8),
(904, 'Mocoretá', 8),
(905, 'Mte. Caseros', 8),
(906, 'Nueve de Julio', 8),
(907, 'Palmar Grande', 8),
(908, 'Parada Pucheta', 8),
(909, 'Paso de La Patria', 8),
(910, 'Paso de Los Libres', 8),
(911, 'Pedro R. Fernandez', 8),
(912, 'Perugorría', 8),
(913, 'Pueblo Libertador', 8),
(914, 'Ramada Paso', 8),
(915, 'Riachuelo', 8),
(916, 'Saladas', 8),
(917, 'San Antonio', 8),
(918, 'San Carlos', 8),
(919, 'San Cosme', 8),
(920, 'San Lorenzo', 8),
(921, '20 del Palmar', 8),
(922, 'San Miguel', 8),
(923, 'San Roque', 8),
(924, 'Santa Ana', 8),
(925, 'Santa Lucía', 8),
(926, 'Santo Tomé', 8),
(927, 'Sauce', 8),
(928, 'Tabay', 8),
(929, 'Tapebicuá', 8),
(930, 'Tatacua', 8),
(931, 'Virasoro', 8),
(932, 'Yapeyú', 8),
(933, 'Yataití Calle', 8),
(934, 'Alarcón', 9),
(935, 'Alcaraz', 9),
(936, 'Alcaraz N.', 9),
(937, 'Alcaraz S.', 9),
(938, 'Aldea Asunción', 9),
(939, 'Aldea Brasilera', 9),
(940, 'Aldea Elgenfeld', 9),
(941, 'Aldea Grapschental', 9),
(942, 'Aldea Ma. Luisa', 9),
(943, 'Aldea Protestante', 9),
(944, 'Aldea Salto', 9),
(945, 'Aldea San Antonio (G)', 9),
(946, 'Aldea San Antonio (P)', 9),
(947, 'Aldea 19', 9),
(948, 'Aldea San Miguel', 9),
(949, 'Aldea San Rafael', 9),
(950, 'Aldea Spatzenkutter', 9),
(951, 'Aldea Sta. María', 9),
(952, 'Aldea Sta. Rosa', 9),
(953, 'Aldea Valle María', 9),
(954, 'Altamirano Sur', 9),
(955, 'Antelo', 9),
(956, 'Antonio Tomás', 9),
(957, 'Aranguren', 9),
(958, 'Arroyo Barú', 9),
(959, 'Arroyo Burgos', 9),
(960, 'Arroyo Clé', 9),
(961, 'Arroyo Corralito', 9),
(962, 'Arroyo del Medio', 9),
(963, 'Arroyo Maturrango', 9),
(964, 'Arroyo Palo Seco', 9),
(965, 'Banderas', 9),
(966, 'Basavilbaso', 9),
(967, 'Betbeder', 9),
(968, 'Bovril', 9),
(969, 'Caseros', 9),
(970, 'Ceibas', 9),
(971, 'Cerrito', 9),
(972, 'Chajarí', 9),
(973, 'Chilcas', 9),
(974, 'Clodomiro Ledesma', 9),
(975, 'Col. Alemana', 9),
(976, 'Col. Avellaneda', 9),
(977, 'Col. Avigdor', 9),
(978, 'Col. Ayuí', 9),
(979, 'Col. Baylina', 9),
(980, 'Col. Carrasco', 9),
(981, 'Col. Celina', 9),
(982, 'Col. Cerrito', 9),
(983, 'Col. Crespo', 9),
(984, 'Col. Elia', 9),
(985, 'Col. Ensayo', 9),
(986, 'Col. Gral. Roca', 9),
(987, 'Col. La Argentina', 9),
(988, 'Col. Merou', 9),
(989, 'Col. Oficial Nª3', 9),
(990, 'Col. Oficial Nº13', 9),
(991, 'Col. Oficial Nº14', 9),
(992, 'Col. Oficial Nº5', 9),
(993, 'Col. Reffino', 9),
(994, 'Col. Tunas', 9),
(995, 'Col. Viraró', 9),
(996, 'Colón', 9),
(997, 'Concepción del Uruguay', 9),
(998, 'Concordia', 9),
(999, 'Conscripto Bernardi', 9),
(1000, 'Costa Grande', 9),
(1001, 'Costa San Antonio', 9),
(1002, 'Costa Uruguay N.', 9),
(1003, 'Costa Uruguay S.', 9),
(1004, 'Crespo', 9),
(1005, 'Crucecitas 3ª', 9),
(1006, 'Crucecitas 7ª', 9),
(1007, 'Crucecitas 8ª', 9),
(1008, 'Cuchilla Redonda', 9),
(1009, 'Curtiembre', 9),
(1010, 'Diamante', 9),
(1011, 'Distrito 6º', 9),
(1012, 'Distrito Chañar', 9),
(1013, 'Distrito Chiqueros', 9),
(1014, 'Distrito Cuarto', 9),
(1015, 'Distrito Diego López', 9),
(1016, 'Distrito Pajonal', 9),
(1017, 'Distrito Sauce', 9),
(1018, 'Distrito Tala', 9),
(1019, 'Distrito Talitas', 9),
(1020, 'Don Cristóbal 1ª Sección', 9),
(1021, 'Don Cristóbal 2ª Sección', 9),
(1022, 'Durazno', 9),
(1023, 'El Cimarrón', 9),
(1024, 'El Gramillal', 9),
(1025, 'El Palenque', 9),
(1026, 'El Pingo', 9),
(1027, 'El Quebracho', 9),
(1028, 'El Redomón', 9),
(1029, 'El Solar', 9),
(1030, 'Enrique Carbo', 9),
(1031, '9', 9),
(1032, 'Espinillo N.', 9),
(1033, 'Estación Campos', 9),
(1034, 'Estación Escriña', 9),
(1035, 'Estación Lazo', 9),
(1036, 'Estación Raíces', 9),
(1037, 'Estación Yerúa', 9),
(1038, 'Estancia Grande', 9),
(1039, 'Estancia Líbaros', 9),
(1040, 'Estancia Racedo', 9),
(1041, 'Estancia Solá', 9),
(1042, 'Estancia Yuquerí', 9),
(1043, 'Estaquitas', 9),
(1044, 'Faustino M. Parera', 9),
(1045, 'Febre', 9),
(1046, 'Federación', 9),
(1047, 'Federal', 9),
(1048, 'Gdor. Echagüe', 9),
(1049, 'Gdor. Mansilla', 9),
(1050, 'Gilbert', 9),
(1051, 'González Calderón', 9),
(1052, 'Gral. Almada', 9),
(1053, 'Gral. Alvear', 9),
(1054, 'Gral. Campos', 9),
(1055, 'Gral. Galarza', 9),
(1056, 'Gral. Ramírez', 9),
(1057, 'Gualeguay', 9),
(1058, 'Gualeguaychú', 9),
(1059, 'Gualeguaycito', 9),
(1060, 'Guardamonte', 9),
(1061, 'Hambis', 9),
(1062, 'Hasenkamp', 9),
(1063, 'Hernandarias', 9),
(1064, 'Hernández', 9),
(1065, 'Herrera', 9),
(1066, 'Hinojal', 9),
(1067, 'Hocker', 9),
(1068, 'Ing. Sajaroff', 9),
(1069, 'Irazusta', 9),
(1070, 'Isletas', 9),
(1071, 'J.J De Urquiza', 9),
(1072, 'Jubileo', 9),
(1073, 'La Clarita', 9),
(1074, 'La Criolla', 9),
(1075, 'La Esmeralda', 9),
(1076, 'La Florida', 9),
(1077, 'La Fraternidad', 9),
(1078, 'La Hierra', 9),
(1079, 'La Ollita', 9),
(1080, 'La Paz', 9),
(1081, 'La Picada', 9),
(1082, 'La Providencia', 9),
(1083, 'La Verbena', 9),
(1084, 'Laguna Benítez', 9),
(1085, 'Larroque', 9),
(1086, 'Las Cuevas', 9),
(1087, 'Las Garzas', 9),
(1088, 'Las Guachas', 9),
(1089, 'Las Mercedes', 9),
(1090, 'Las Moscas', 9),
(1091, 'Las Mulitas', 9),
(1092, 'Las Toscas', 9),
(1093, 'Laurencena', 9),
(1094, 'Libertador San Martín', 9),
(1095, 'Loma Limpia', 9),
(1096, 'Los Ceibos', 9),
(1097, 'Los Charruas', 9),
(1098, 'Los Conquistadores', 9),
(1099, 'Lucas González', 9),
(1100, 'Lucas N.', 9),
(1101, 'Lucas S. 1ª', 9),
(1102, 'Lucas S. 2ª', 9),
(1103, 'Maciá', 9),
(1104, 'María Grande', 9),
(1105, 'María Grande 2ª', 9),
(1106, 'Médanos', 9),
(1107, 'Mojones N.', 9),
(1108, 'Mojones S.', 9),
(1109, 'Molino Doll', 9),
(1110, 'Monte Redondo', 9),
(1111, 'Montoya', 9),
(1112, 'Mulas Grandes', 9),
(1113, 'Ñancay', 9),
(1114, 'Nogoyá', 9),
(1115, 'Nueva Escocia', 9),
(1116, 'Nueva Vizcaya', 9),
(1117, 'Ombú', 9),
(1118, 'Oro Verde', 9),
(1119, 'Paraná', 9),
(1120, 'Pasaje Guayaquil', 9),
(1121, 'Pasaje Las Tunas', 9),
(1122, 'Paso de La Arena', 9),
(1123, 'Paso de La Laguna', 9),
(1124, 'Paso de Las Piedras', 9),
(1125, 'Paso Duarte', 9),
(1126, 'Pastor Britos', 9),
(1127, 'Pedernal', 9),
(1128, 'Perdices', 9),
(1129, 'Picada Berón', 9),
(1130, 'Piedras Blancas', 9),
(1131, 'Primer Distrito Cuchilla', 9),
(1132, 'Primero de Mayo', 9),
(1133, 'Pronunciamiento', 9),
(1134, 'Pto. Algarrobo', 9),
(1135, 'Pto. Ibicuy', 9),
(1136, 'Pueblo Brugo', 9),
(1137, 'Pueblo Cazes', 9),
(1138, 'Pueblo Gral. Belgrano', 9),
(1139, 'Pueblo Liebig', 9),
(1140, 'Puerto Yeruá', 9),
(1141, 'Punta del Monte', 9),
(1142, 'Quebracho', 9),
(1143, 'Quinto Distrito', 9),
(1144, 'Raices Oeste', 9),
(1145, 'Rincón de Nogoyá', 9),
(1146, 'Rincón del Cinto', 9),
(1147, 'Rincón del Doll', 9),
(1148, 'Rincón del Gato', 9),
(1149, 'Rocamora', 9),
(1150, 'Rosario del Tala', 9),
(1151, 'San Benito', 9),
(1152, 'San Cipriano', 9),
(1153, 'San Ernesto', 9),
(1154, 'San Gustavo', 9),
(1155, 'San Jaime', 9),
(1156, 'San José', 9),
(1157, 'San José de Feliciano', 9),
(1158, 'San Justo', 9),
(1159, 'San Marcial', 9),
(1160, 'San Pedro', 9),
(1161, 'San Ramírez', 9),
(1162, 'San Ramón', 9),
(1163, 'San Roque', 9),
(1164, 'San Salvador', 9),
(1165, 'San Víctor', 9),
(1166, 'Santa Ana', 9),
(1167, 'Santa Anita', 9),
(1168, 'Santa Elena', 9),
(1169, 'Santa Lucía', 9),
(1170, 'Santa Luisa', 9),
(1171, 'Sauce de Luna', 9),
(1172, 'Sauce Montrull', 9),
(1173, 'Sauce Pinto', 9),
(1174, 'Sauce Sur', 9),
(1175, 'Seguí', 9),
(1176, 'Sir Leonard', 9),
(1177, 'Sosa', 9),
(1178, 'Tabossi', 9),
(1179, 'Tezanos Pinto', 9),
(1180, 'Ubajay', 9),
(1181, 'Urdinarrain', 9),
(1182, 'Veinte de Septiembre', 9),
(1183, 'Viale', 9),
(1184, 'Victoria', 9),
(1185, 'Villa Clara', 9),
(1186, 'Villa del Rosario', 9),
(1187, 'Villa Domínguez', 9),
(1188, 'Villa Elisa', 9),
(1189, 'Villa Fontana', 9),
(1190, 'Villa Gdor. Etchevehere', 9),
(1191, 'Villa Mantero', 9),
(1192, 'Villa Paranacito', 9),
(1193, 'Villa Urquiza', 9),
(1194, 'Villaguay', 9),
(1195, 'Walter Moss', 9),
(1196, 'Yacaré', 9),
(1197, 'Yeso Oeste', 9),
(1198, 'Buena Vista', 10),
(1199, 'Clorinda', 10),
(1200, 'Col. Pastoril', 10),
(1201, 'Cte. Fontana', 10),
(1202, 'El Colorado', 10),
(1203, 'El Espinillo', 10),
(1204, 'Estanislao Del Campo', 10),
(1205, '10', 10),
(1206, 'Fortín Lugones', 10),
(1207, 'Gral. Lucio V. Mansilla', 10),
(1208, 'Gral. Manuel Belgrano', 10),
(1209, 'Gral. Mosconi', 10),
(1210, 'Gran Guardia', 10),
(1211, 'Herradura', 10),
(1212, 'Ibarreta', 10),
(1213, 'Ing. Juárez', 10),
(1214, 'Laguna Blanca', 10),
(1215, 'Laguna Naick Neck', 10),
(1216, 'Laguna Yema', 10),
(1217, 'Las Lomitas', 10),
(1218, 'Los Chiriguanos', 10),
(1219, 'Mayor V. Villafañe', 10),
(1220, 'Misión San Fco.', 10),
(1221, 'Palo Santo', 10),
(1222, 'Pirané', 10),
(1223, 'Pozo del Maza', 10),
(1224, 'Riacho He-He', 10),
(1225, 'San Hilario', 10),
(1226, 'San Martín II', 10),
(1227, 'Siete Palmas', 10),
(1228, 'Subteniente Perín', 10),
(1229, 'Tres Lagunas', 10),
(1230, 'Villa Dos Trece', 10),
(1231, 'Villa Escolar', 10),
(1232, 'Villa Gral. Güemes', 10),
(1233, 'Abdon Castro Tolay', 11),
(1234, 'Abra Pampa', 11),
(1235, 'Abralaite', 11),
(1236, 'Aguas Calientes', 11),
(1237, 'Arrayanal', 11),
(1238, 'Barrios', 11),
(1239, 'Caimancito', 11),
(1240, 'Calilegua', 11),
(1241, 'Cangrejillos', 11),
(1242, 'Caspala', 11),
(1243, 'Catuá', 11),
(1244, 'Cieneguillas', 11),
(1245, 'Coranzulli', 11),
(1246, 'Cusi-Cusi', 11),
(1247, 'El Aguilar', 11),
(1248, 'El Carmen', 11),
(1249, 'El Cóndor', 11),
(1250, 'El Fuerte', 11),
(1251, 'El Piquete', 11),
(1252, 'El Talar', 11),
(1253, 'Fraile Pintado', 11),
(1254, 'Hipólito Yrigoyen', 11),
(1255, 'Huacalera', 11),
(1256, 'Humahuaca', 11),
(1257, 'La Esperanza', 11),
(1258, 'La Mendieta', 11),
(1259, 'La Quiaca', 11),
(1260, 'Ledesma', 11),
(1261, 'Libertador Gral. San Martin', 11),
(1262, 'Maimara', 11),
(1263, 'Mina Pirquitas', 11),
(1264, 'Monterrico', 11),
(1265, 'Palma Sola', 11),
(1266, 'Palpalá', 11),
(1267, 'Pampa Blanca', 11),
(1268, 'Pampichuela', 11),
(1269, 'Perico', 11),
(1270, 'Puesto del Marqués', 11),
(1271, 'Puesto Viejo', 11),
(1272, 'Pumahuasi', 11),
(1273, 'Purmamarca', 11),
(1274, 'Rinconada', 11),
(1275, 'Rodeitos', 11),
(1276, 'Rosario de Río Grande', 11),
(1277, 'San Antonio', 11),
(1278, 'San Francisco', 11),
(1279, 'San Pedro', 11),
(1280, 'San Rafael', 11),
(1281, 'San Salvador', 11),
(1282, 'Santa Ana', 11),
(1283, 'Santa Catalina', 11),
(1284, 'Santa Clara', 11),
(1285, 'Susques', 11),
(1286, 'Tilcara', 11),
(1287, 'Tres Cruces', 11),
(1288, 'Tumbaya', 11),
(1289, 'Valle Grande', 11),
(1290, 'Vinalito', 11),
(1291, 'Volcán', 11),
(1292, 'Yala', 11),
(1293, 'Yaví', 11),
(1294, 'Yuto', 11),
(1295, 'Abramo', 12),
(1296, 'Adolfo Van Praet', 12),
(1297, 'Agustoni', 12),
(1298, 'Algarrobo del Aguila', 12),
(1299, 'Alpachiri', 12),
(1300, 'Alta Italia', 12),
(1301, 'Anguil', 12),
(1302, 'Arata', 12),
(1303, 'Ataliva Roca', 12),
(1304, 'Bernardo Larroude', 12),
(1305, 'Bernasconi', 12),
(1306, 'Caleufú', 12),
(1307, 'Carro Quemado', 12),
(1308, 'Catriló', 12),
(1309, 'Ceballos', 12),
(1310, 'Chacharramendi', 12),
(1311, 'Col. Barón', 12),
(1312, 'Col. Santa María', 12),
(1313, 'Conhelo', 12),
(1314, 'Coronel Hilario Lagos', 12),
(1315, 'Cuchillo-Có', 12),
(1316, 'Doblas', 12),
(1317, 'Dorila', 12),
(1318, 'Eduardo Castex', 12),
(1319, 'Embajador Martini', 12),
(1320, 'Falucho', 12),
(1321, 'Gral. Acha', 12),
(1322, 'Gral. Manuel Campos', 12),
(1323, 'Gral. Pico', 12),
(1324, 'Guatraché', 12),
(1325, 'Ing. Luiggi', 12),
(1326, 'Intendente Alvear', 12),
(1327, 'Jacinto Arauz', 12),
(1328, 'La Adela', 12),
(1329, 'La Humada', 12),
(1330, 'La Maruja', 12),
(1331, '12', 12),
(1332, 'La Reforma', 12),
(1333, 'Limay Mahuida', 12),
(1334, 'Lonquimay', 12),
(1335, 'Loventuel', 12),
(1336, 'Luan Toro', 12),
(1337, 'Macachín', 12),
(1338, 'Maisonnave', 12),
(1339, 'Mauricio Mayer', 12),
(1340, 'Metileo', 12),
(1341, 'Miguel Cané', 12),
(1342, 'Miguel Riglos', 12),
(1343, 'Monte Nievas', 12),
(1344, 'Parera', 12),
(1345, 'Perú', 12),
(1346, 'Pichi-Huinca', 12),
(1347, 'Puelches', 12),
(1348, 'Puelén', 12),
(1349, 'Quehue', 12),
(1350, 'Quemú Quemú', 12),
(1351, 'Quetrequén', 12),
(1352, 'Rancul', 12),
(1353, 'Realicó', 12),
(1354, 'Relmo', 12),
(1355, 'Rolón', 12),
(1356, 'Rucanelo', 12),
(1357, 'Sarah', 12),
(1358, 'Speluzzi', 12),
(1359, 'Sta. Isabel', 12),
(1360, 'Sta. Rosa', 12),
(1361, 'Sta. Teresa', 12),
(1362, 'Telén', 12),
(1363, 'Toay', 12),
(1364, 'Tomas M. de Anchorena', 12),
(1365, 'Trenel', 12),
(1366, 'Unanue', 12),
(1367, 'Uriburu', 12),
(1368, 'Veinticinco de Mayo', 12),
(1369, 'Vertiz', 12),
(1370, 'Victorica', 12),
(1371, 'Villa Mirasol', 12),
(1372, 'Winifreda', 12),
(1373, 'Arauco', 13),
(1374, 'Capital', 13),
(1375, 'Castro Barros', 13),
(1376, 'Chamical', 13),
(1377, 'Chilecito', 13),
(1378, 'Coronel F. Varela', 13),
(1379, 'Famatina', 13),
(1380, 'Gral. A.V.Peñaloza', 13),
(1381, 'Gral. Belgrano', 13),
(1382, 'Gral. J.F. Quiroga', 13),
(1383, 'Gral. Lamadrid', 13),
(1384, 'Gral. Ocampo', 13),
(1385, 'Gral. San Martín', 13),
(1386, 'Independencia', 13),
(1387, 'Rosario Penaloza', 13),
(1388, 'San Blas de Los Sauces', 13),
(1389, 'Sanagasta', 13),
(1390, 'Vinchina', 13),
(1391, 'Capital', 14),
(1392, 'Chacras de Coria', 14),
(1393, 'Dorrego', 14),
(1394, 'Gllen', 14),
(1395, 'Godoy Cruz', 14),
(1396, 'Gral. Alvear', 14),
(1397, 'Guaymallén', 14),
(1398, 'Junín', 14),
(1399, 'La Paz', 14),
(1400, 'Las Heras', 14),
(1401, 'Lavalle', 14),
(1402, 'Luján', 14),
(1403, 'Luján De Cuyo', 14),
(1404, 'Maipú', 14),
(1405, 'Malargüe', 14),
(1406, 'Rivadavia', 14),
(1407, 'San Carlos', 14),
(1408, 'San Martín', 14),
(1409, 'San Rafael', 14),
(1410, 'Sta. Rosa', 14),
(1411, 'Tunuyán', 14),
(1412, 'Tupungato', 14),
(1413, 'Villa Nueva', 14),
(1414, 'Alba Posse', 15),
(1415, 'Almafuerte', 15),
(1416, 'Apóstoles', 15),
(1417, 'Aristóbulo Del Valle', 15),
(1418, 'Arroyo Del Medio', 15),
(1419, 'Azara', 15),
(1420, 'Bdo. De Irigoyen', 15),
(1421, 'Bonpland', 15),
(1422, 'Caá Yari', 15),
(1423, 'Campo Grande', 15),
(1424, 'Campo Ramón', 15),
(1425, 'Campo Viera', 15),
(1426, 'Candelaria', 15),
(1427, 'Capioví', 15),
(1428, 'Caraguatay', 15),
(1429, 'Cdte. Guacurarí', 15),
(1430, 'Cerro Azul', 15),
(1431, 'Cerro Corá', 15),
(1432, 'Col. Alberdi', 15),
(1433, 'Col. Aurora', 15),
(1434, 'Col. Delicia', 15),
(1435, 'Col. Polana', 15),
(1436, 'Col. Victoria', 15),
(1437, 'Col. Wanda', 15),
(1438, 'Concepción De La Sierra', 15),
(1439, 'Corpus', 15),
(1440, 'Dos Arroyos', 15),
(1441, 'Dos de Mayo', 15),
(1442, 'El Alcázar', 15),
(1443, 'El Dorado', 15),
(1444, 'El Soberbio', 15),
(1445, 'Esperanza', 15),
(1446, 'F. Ameghino', 15),
(1447, 'Fachinal', 15),
(1448, 'Garuhapé', 15),
(1449, 'Garupá', 15),
(1450, 'Gdor. López', 15),
(1451, 'Gdor. Roca', 15),
(1452, 'Gral. Alvear', 15),
(1453, 'Gral. Urquiza', 15),
(1454, 'Guaraní', 15),
(1455, 'H. Yrigoyen', 15),
(1456, 'Iguazú', 15),
(1457, 'Itacaruaré', 15),
(1458, 'Jardín América', 15),
(1459, 'Leandro N. Alem', 15),
(1460, 'Libertad', 15),
(1461, 'Loreto', 15),
(1462, 'Los Helechos', 15),
(1463, 'Mártires', 15),
(1464, '15', 15),
(1465, 'Mojón Grande', 15),
(1466, 'Montecarlo', 15),
(1467, 'Nueve de Julio', 15),
(1468, 'Oberá', 15),
(1469, 'Olegario V. Andrade', 15),
(1470, 'Panambí', 15),
(1471, 'Posadas', 15),
(1472, 'Profundidad', 15),
(1473, 'Pto. Iguazú', 15),
(1474, 'Pto. Leoni', 15),
(1475, 'Pto. Piray', 15),
(1476, 'Pto. Rico', 15),
(1477, 'Ruiz de Montoya', 15),
(1478, 'San Antonio', 15),
(1479, 'San Ignacio', 15),
(1480, 'San Javier', 15),
(1481, 'San José', 15),
(1482, 'San Martín', 15),
(1483, 'San Pedro', 15),
(1484, 'San Vicente', 15),
(1485, 'Santiago De Liniers', 15),
(1486, 'Santo Pipo', 15),
(1487, 'Sta. Ana', 15),
(1488, 'Sta. María', 15),
(1489, 'Tres Capones', 15),
(1490, 'Veinticinco de Mayo', 15),
(1491, 'Wanda', 15),
(1492, 'Aguada San Roque', 16),
(1493, 'Aluminé', 16),
(1494, 'Andacollo', 16),
(1495, 'Añelo', 16),
(1496, 'Bajada del Agrio', 16),
(1497, 'Barrancas', 16),
(1498, 'Buta Ranquil', 16),
(1499, 'Capital', 16),
(1500, 'Caviahué', 16),
(1501, 'Centenario', 16),
(1502, 'Chorriaca', 16),
(1503, 'Chos Malal', 16),
(1504, 'Cipolletti', 16),
(1505, 'Covunco Abajo', 16),
(1506, 'Coyuco Cochico', 16),
(1507, 'Cutral Có', 16),
(1508, 'El Cholar', 16),
(1509, 'El Huecú', 16),
(1510, 'El Sauce', 16),
(1511, 'Guañacos', 16),
(1512, 'Huinganco', 16),
(1513, 'Las Coloradas', 16),
(1514, 'Las Lajas', 16),
(1515, 'Las Ovejas', 16),
(1516, 'Loncopué', 16),
(1517, 'Los Catutos', 16),
(1518, 'Los Chihuidos', 16),
(1519, 'Los Miches', 16),
(1520, 'Manzano Amargo', 16),
(1521, '16', 16),
(1522, 'Octavio Pico', 16),
(1523, 'Paso Aguerre', 16),
(1524, 'Picún Leufú', 16),
(1525, 'Piedra del Aguila', 16),
(1526, 'Pilo Lil', 16),
(1527, 'Plaza Huincul', 16),
(1528, 'Plottier', 16),
(1529, 'Quili Malal', 16),
(1530, 'Ramón Castro', 16),
(1531, 'Rincón de Los Sauces', 16),
(1532, 'San Martín de Los Andes', 16),
(1533, 'San Patricio del Chañar', 16),
(1534, 'Santo Tomás', 16),
(1535, 'Sauzal Bonito', 16),
(1536, 'Senillosa', 16),
(1537, 'Taquimilán', 16),
(1538, 'Tricao Malal', 16),
(1539, 'Varvarco', 16),
(1540, 'Villa Curí Leuvu', 16),
(1541, 'Villa del Nahueve', 16),
(1542, 'Villa del Puente Picún Leuvú', 16),
(1543, 'Villa El Chocón', 16),
(1544, 'Villa La Angostura', 16),
(1545, 'Villa Pehuenia', 16),
(1546, 'Villa Traful', 16),
(1547, 'Vista Alegre', 16),
(1548, 'Zapala', 16),
(1549, 'Aguada Cecilio', 17),
(1550, 'Aguada de Guerra', 17),
(1551, 'Allén', 17),
(1552, 'Arroyo de La Ventana', 17),
(1553, 'Arroyo Los Berros', 17),
(1554, 'Bariloche', 17),
(1555, 'Calte. Cordero', 17),
(1556, 'Campo Grande', 17),
(1557, 'Catriel', 17),
(1558, 'Cerro Policía', 17),
(1559, 'Cervantes', 17),
(1560, 'Chelforo', 17),
(1561, 'Chimpay', 17),
(1562, 'Chinchinales', 17),
(1563, 'Chipauquil', 17),
(1564, 'Choele Choel', 17),
(1565, 'Cinco Saltos', 17),
(1566, 'Cipolletti', 17),
(1567, 'Clemente Onelli', 17),
(1568, 'Colán Conhue', 17),
(1569, 'Comallo', 17),
(1570, 'Comicó', 17),
(1571, 'Cona Niyeu', 17),
(1572, 'Coronel Belisle', 17),
(1573, 'Cubanea', 17),
(1574, 'Darwin', 17),
(1575, 'Dina Huapi', 17),
(1576, 'El Bolsón', 17),
(1577, 'El Caín', 17),
(1578, 'El Manso', 17),
(1579, 'Gral. Conesa', 17),
(1580, 'Gral. Enrique Godoy', 17),
(1581, 'Gral. Fernandez Oro', 17),
(1582, 'Gral. Roca', 17),
(1583, 'Guardia Mitre', 17),
(1584, 'Ing. Huergo', 17),
(1585, 'Ing. Jacobacci', 17),
(1586, 'Laguna Blanca', 17),
(1587, 'Lamarque', 17),
(1588, 'Las Grutas', 17),
(1589, 'Los Menucos', 17),
(1590, 'Luis Beltrán', 17),
(1591, 'Mainqué', 17),
(1592, 'Mamuel Choique', 17),
(1593, 'Maquinchao', 17),
(1594, 'Mencué', 17),
(1595, 'Mtro. Ramos Mexia', 17),
(1596, 'Nahuel Niyeu', 17),
(1597, 'Naupa Huen', 17),
(1598, 'Ñorquinco', 17),
(1599, 'Ojos de Agua', 17),
(1600, 'Paso de Agua', 17),
(1601, 'Paso Flores', 17),
(1602, 'Peñas Blancas', 17),
(1603, 'Pichi Mahuida', 17),
(1604, 'Pilcaniyeu', 17),
(1605, 'Pomona', 17),
(1606, 'Prahuaniyeu', 17),
(1607, 'Rincón Treneta', 17),
(1608, 'Río Chico', 17),
(1609, 'Río Colorado', 17),
(1610, 'Roca', 17),
(1611, 'San Antonio Oeste', 17),
(1612, 'San Javier', 17),
(1613, 'Sierra Colorada', 17),
(1614, 'Sierra Grande', 17),
(1615, 'Sierra Pailemán', 17),
(1616, 'Valcheta', 17),
(1617, 'Valle Azul', 17),
(1618, 'Viedma', 17),
(1619, 'Villa Llanquín', 17),
(1620, 'Villa Mascardi', 17),
(1621, 'Villa Regina', 17),
(1622, 'Yaminué', 17),
(1623, 'A. Saravia', 18),
(1624, 'Aguaray', 18),
(1625, 'Angastaco', 18),
(1626, 'Animaná', 18),
(1627, 'Cachi', 18),
(1628, 'Cafayate', 18),
(1629, 'Campo Quijano', 18),
(1630, 'Campo Santo', 18),
(1631, 'Capital', 18),
(1632, 'Cerrillos', 18),
(1633, 'Chicoana', 18),
(1634, 'Col. Sta. Rosa', 18),
(1635, 'Coronel Moldes', 18),
(1636, 'El Bordo', 18),
(1637, 'El Carril', 18),
(1638, 'El Galpón', 18),
(1639, 'El Jardín', 18),
(1640, 'El Potrero', 18),
(1641, 'El Quebrachal', 18),
(1642, 'El Tala', 18),
(1643, 'Embarcación', 18),
(1644, 'Gral. Ballivian', 18),
(1645, 'Gral. Güemes', 18),
(1646, 'Gral. Mosconi', 18),
(1647, 'Gral. Pizarro', 18),
(1648, 'Guachipas', 18),
(1649, 'Hipólito Yrigoyen', 18),
(1650, 'Iruyá', 18),
(1651, 'Isla De Cañas', 18),
(1652, 'J. V. Gonzalez', 18),
(1653, 'La Caldera', 18),
(1654, 'La Candelaria', 18),
(1655, 'La Merced', 18),
(1656, 'La Poma', 18),
(1657, 'La Viña', 18),
(1658, 'Las Lajitas', 18),
(1659, 'Los Toldos', 18),
(1660, 'Metán', 18),
(1661, 'Molinos', 18),
(1662, 'Nazareno', 18),
(1663, 'Orán', 18),
(1664, 'Payogasta', 18),
(1665, 'Pichanal', 18),
(1666, 'Prof. S. Mazza', 18),
(1667, 'Río Piedras', 18),
(1668, 'Rivadavia Banda Norte', 18),
(1669, 'Rivadavia Banda Sur', 18),
(1670, 'Rosario de La Frontera', 18),
(1671, 'Rosario de Lerma', 18),
(1672, 'Saclantás', 18),
(1673, '18', 18),
(1674, 'San Antonio', 18),
(1675, 'San Carlos', 18),
(1676, 'San José De Metán', 18),
(1677, 'San Ramón', 18),
(1678, 'Santa Victoria E.', 18),
(1679, 'Santa Victoria O.', 18),
(1680, 'Tartagal', 18),
(1681, 'Tolar Grande', 18),
(1682, 'Urundel', 18),
(1683, 'Vaqueros', 18),
(1684, 'Villa San Lorenzo', 18),
(1685, 'Albardón', 19),
(1686, 'Angaco', 19),
(1687, 'Calingasta', 19),
(1688, 'Capital', 19),
(1689, 'Caucete', 19),
(1690, 'Chimbas', 19),
(1691, 'Iglesia', 19),
(1692, 'Jachal', 19),
(1693, 'Nueve de Julio', 19),
(1694, 'Pocito', 19),
(1695, 'Rawson', 19),
(1696, 'Rivadavia', 19),
(1697, '19', 19),
(1698, 'San Martín', 19),
(1699, 'Santa Lucía', 19),
(1700, 'Sarmiento', 19),
(1701, 'Ullum', 19),
(1702, 'Valle Fértil', 19),
(1703, 'Veinticinco de Mayo', 19),
(1704, 'Zonda', 19),
(1705, 'Alto Pelado', 20),
(1706, 'Alto Pencoso', 20),
(1707, 'Anchorena', 20),
(1708, 'Arizona', 20),
(1709, 'Bagual', 20),
(1710, 'Balde', 20),
(1711, 'Batavia', 20),
(1712, 'Beazley', 20),
(1713, 'Buena Esperanza', 20),
(1714, 'Candelaria', 20),
(1715, 'Capital', 20),
(1716, 'Carolina', 20),
(1717, 'Carpintería', 20),
(1718, 'Concarán', 20),
(1719, 'Cortaderas', 20),
(1720, 'El Morro', 20),
(1721, 'El Trapiche', 20),
(1722, 'El Volcán', 20),
(1723, 'Fortín El Patria', 20),
(1724, 'Fortuna', 20),
(1725, 'Fraga', 20),
(1726, 'Juan Jorba', 20),
(1727, 'Juan Llerena', 20),
(1728, 'Juana Koslay', 20),
(1729, 'Justo Daract', 20),
(1730, 'La Calera', 20),
(1731, 'La Florida', 20),
(1732, 'La Punilla', 20),
(1733, 'La Toma', 20),
(1734, 'Lafinur', 20),
(1735, 'Las Aguadas', 20),
(1736, 'Las Chacras', 20),
(1737, 'Las Lagunas', 20),
(1738, 'Las Vertientes', 20),
(1739, 'Lavaisse', 20),
(1740, 'Leandro N. Alem', 20),
(1741, 'Los Molles', 20),
(1742, 'Luján', 20),
(1743, 'Mercedes', 20),
(1744, 'Merlo', 20),
(1745, 'Naschel', 20),
(1746, 'Navia', 20),
(1747, 'Nogolí', 20),
(1748, 'Nueva Galia', 20),
(1749, 'Papagayos', 20),
(1750, 'Paso Grande', 20),
(1751, 'Potrero de Los Funes', 20),
(1752, 'Quines', 20),
(1753, 'Renca', 20),
(1754, 'Saladillo', 20),
(1755, 'San Francisco', 20),
(1756, 'San Gerónimo', 20),
(1757, 'San Martín', 20),
(1758, 'San Pablo', 20),
(1759, 'Santa Rosa de Conlara', 20),
(1760, 'Talita', 20),
(1761, 'Tilisarao', 20),
(1762, 'Unión', 20),
(1763, 'Villa de La Quebrada', 20),
(1764, 'Villa de Praga', 20),
(1765, 'Villa del Carmen', 20),
(1766, 'Villa Gral. Roca', 20),
(1767, 'Villa Larca', 20),
(1768, 'Villa Mercedes', 20),
(1769, 'Zanjitas', 20),
(1770, 'Calafate', 21),
(1771, 'Caleta Olivia', 21),
(1772, 'Cañadón Seco', 21),
(1773, 'Comandante Piedrabuena', 21),
(1774, 'El Calafate', 21),
(1775, 'El Chaltén', 21),
(1776, 'Gdor. Gregores', 21),
(1777, 'Hipólito Yrigoyen', 21),
(1778, 'Jaramillo', 21),
(1779, 'Koluel Kaike', 21),
(1780, 'Las Heras', 21),
(1781, 'Los Antiguos', 21),
(1782, 'Perito Moreno', 21),
(1783, 'Pico Truncado', 21),
(1784, 'Pto. Deseado', 21),
(1785, 'Pto. San Julián', 21),
(1786, 'Pto. 21', 21),
(1787, 'Río Cuarto', 21),
(1788, 'Río Gallegos', 21),
(1789, 'Río Turbio', 21),
(1790, 'Tres Lagos', 21),
(1791, 'Veintiocho De Noviembre', 21),
(1792, 'Aarón Castellanos', 22),
(1793, 'Acebal', 22),
(1794, 'Aguará Grande', 22),
(1795, 'Albarellos', 22),
(1796, 'Alcorta', 22),
(1797, 'Aldao', 22),
(1798, 'Alejandra', 22),
(1799, 'Álvarez', 22),
(1800, 'Ambrosetti', 22),
(1801, 'Amenábar', 22),
(1802, 'Angélica', 22),
(1803, 'Angeloni', 22),
(1804, 'Arequito', 22),
(1805, 'Arminda', 22),
(1806, 'Armstrong', 22),
(1807, 'Arocena', 22),
(1808, 'Arroyo Aguiar', 22),
(1809, 'Arroyo Ceibal', 22),
(1810, 'Arroyo Leyes', 22),
(1811, 'Arroyo Seco', 22),
(1812, 'Arrufó', 22),
(1813, 'Arteaga', 22),
(1814, 'Ataliva', 22),
(1815, 'Aurelia', 22),
(1816, 'Avellaneda', 22),
(1817, 'Barrancas', 22),
(1818, 'Bauer Y Sigel', 22),
(1819, 'Bella Italia', 22),
(1820, 'Berabevú', 22),
(1821, 'Berna', 22),
(1822, 'Bernardo de Irigoyen', 22),
(1823, 'Bigand', 22),
(1824, 'Bombal', 22),
(1825, 'Bouquet', 22),
(1826, 'Bustinza', 22),
(1827, 'Cabal', 22),
(1828, 'Cacique Ariacaiquin', 22),
(1829, 'Cafferata', 22),
(1830, 'Calchaquí', 22),
(1831, 'Campo Andino', 22),
(1832, 'Campo Piaggio', 22),
(1833, 'Cañada de Gómez', 22),
(1834, 'Cañada del Ucle', 22),
(1835, 'Cañada Rica', 22),
(1836, 'Cañada Rosquín', 22),
(1837, 'Candioti', 22),
(1838, 'Capital', 22),
(1839, 'Capitán Bermúdez', 22),
(1840, 'Capivara', 22),
(1841, 'Carcarañá', 22),
(1842, 'Carlos Pellegrini', 22),
(1843, 'Carmen', 22),
(1844, 'Carmen Del Sauce', 22),
(1845, 'Carreras', 22),
(1846, 'Carrizales', 22),
(1847, 'Casalegno', 22),
(1848, 'Casas', 22),
(1849, 'Casilda', 22),
(1850, 'Castelar', 22),
(1851, 'Castellanos', 22),
(1852, 'Cayastá', 22),
(1853, 'Cayastacito', 22),
(1854, 'Centeno', 22),
(1855, 'Cepeda', 22),
(1856, 'Ceres', 22),
(1857, 'Chabás', 22),
(1858, 'Chañar Ladeado', 22),
(1859, 'Chapuy', 22),
(1860, 'Chovet', 22),
(1861, 'Christophersen', 22),
(1862, 'Classon', 22),
(1863, 'Cnel. Arnold', 22),
(1864, 'Cnel. Bogado', 22),
(1865, 'Cnel. Dominguez', 22),
(1866, 'Cnel. Fraga', 22),
(1867, 'Col. Aldao', 22),
(1868, 'Col. Ana', 22),
(1869, 'Col. Belgrano', 22),
(1870, 'Col. Bicha', 22),
(1871, 'Col. Bigand', 22),
(1872, 'Col. Bossi', 22),
(1873, 'Col. Cavour', 22),
(1874, 'Col. Cello', 22),
(1875, 'Col. Dolores', 22),
(1876, 'Col. Dos Rosas', 22),
(1877, 'Col. Durán', 22),
(1878, 'Col. Iturraspe', 22),
(1879, 'Col. Margarita', 22),
(1880, 'Col. Mascias', 22),
(1881, 'Col. Raquel', 22),
(1882, 'Col. Rosa', 22),
(1883, 'Col. San José', 22),
(1884, 'Constanza', 22),
(1885, 'Coronda', 22),
(1886, 'Correa', 22),
(1887, 'Crispi', 22),
(1888, 'Cululú', 22),
(1889, 'Curupayti', 22),
(1890, 'Desvio Arijón', 22),
(1891, 'Diaz', 22),
(1892, 'Diego de Alvear', 22),
(1893, 'Egusquiza', 22),
(1894, 'El Arazá', 22),
(1895, 'El Rabón', 22),
(1896, 'El Sombrerito', 22),
(1897, 'El Trébol', 22),
(1898, 'Elisa', 22),
(1899, 'Elortondo', 22),
(1900, 'Emilia', 22),
(1901, 'Empalme San Carlos', 22),
(1902, 'Empalme Villa Constitucion', 22),
(1903, 'Esmeralda', 22),
(1904, 'Esperanza', 22),
(1905, 'Estación Alvear', 22),
(1906, 'Estacion Clucellas', 22),
(1907, 'Esteban Rams', 22),
(1908, 'Esther', 22),
(1909, 'Esustolia', 22),
(1910, 'Eusebia', 22),
(1911, 'Felicia', 22),
(1912, 'Fidela', 22),
(1913, 'Fighiera', 22),
(1914, 'Firmat', 22),
(1915, 'Florencia', 22),
(1916, 'Fortín Olmos', 22),
(1917, 'Franck', 22),
(1918, 'Fray Luis Beltrán', 22),
(1919, 'Frontera', 22),
(1920, 'Fuentes', 22),
(1921, 'Funes', 22),
(1922, 'Gaboto', 22),
(1923, 'Galisteo', 22),
(1924, 'Gálvez', 22),
(1925, 'Garabalto', 22),
(1926, 'Garibaldi', 22),
(1927, 'Gato Colorado', 22),
(1928, 'Gdor. Crespo', 22),
(1929, 'Gessler', 22),
(1930, 'Godoy', 22),
(1931, 'Golondrina', 22),
(1932, 'Gral. Gelly', 22),
(1933, 'Gral. Lagos', 22),
(1934, 'Granadero Baigorria', 22),
(1935, 'Gregoria Perez De Denis', 22),
(1936, 'Grutly', 22),
(1937, 'Guadalupe N.', 22),
(1938, 'Gödeken', 22),
(1939, 'Helvecia', 22),
(1940, 'Hersilia', 22),
(1941, 'Hipatía', 22),
(1942, 'Huanqueros', 22),
(1943, 'Hugentobler', 22),
(1944, 'Hughes', 22),
(1945, 'Humberto 1º', 22),
(1946, 'Humboldt', 22),
(1947, 'Ibarlucea', 22),
(1948, 'Ing. Chanourdie', 22),
(1949, 'Intiyaco', 22),
(1950, 'Ituzaingó', 22),
(1951, 'Jacinto L. Aráuz', 22),
(1952, 'Josefina', 22),
(1953, 'Juan B. Molina', 22),
(1954, 'Juan de Garay', 22),
(1955, 'Juncal', 22),
(1956, 'La Brava', 22),
(1957, 'La Cabral', 22),
(1958, 'La Camila', 22),
(1959, 'La Chispa', 22),
(1960, 'La Clara', 22),
(1961, 'La Criolla', 22),
(1962, 'La Gallareta', 22),
(1963, 'La Lucila', 22),
(1964, 'La Pelada', 22),
(1965, 'La Penca', 22),
(1966, 'La Rubia', 22),
(1967, 'La Sarita', 22),
(1968, 'La Vanguardia', 22),
(1969, 'Labordeboy', 22),
(1970, 'Laguna Paiva', 22),
(1971, 'Landeta', 22),
(1972, 'Lanteri', 22),
(1973, 'Larrechea', 22),
(1974, 'Las Avispas', 22),
(1975, 'Las Bandurrias', 22),
(1976, 'Las Garzas', 22),
(1977, 'Las Palmeras', 22),
(1978, 'Las Parejas', 22),
(1979, 'Las Petacas', 22),
(1980, 'Las Rosas', 22),
(1981, 'Las Toscas', 22),
(1982, 'Las Tunas', 22),
(1983, 'Lazzarino', 22),
(1984, 'Lehmann', 22),
(1985, 'Llambi Campbell', 22),
(1986, 'Logroño', 22),
(1987, 'Loma Alta', 22),
(1988, 'López', 22),
(1989, 'Los Amores', 22),
(1990, 'Los Cardos', 22),
(1991, 'Los Laureles', 22),
(1992, 'Los Molinos', 22),
(1993, 'Los Quirquinchos', 22),
(1994, 'Lucio V. Lopez', 22),
(1995, 'Luis Palacios', 22),
(1996, 'Ma. Juana', 22),
(1997, 'Ma. Luisa', 22),
(1998, 'Ma. Susana', 22),
(1999, 'Ma. Teresa', 22),
(2000, 'Maciel', 22),
(2001, 'Maggiolo', 22),
(2002, 'Malabrigo', 22),
(2003, 'Marcelino Escalada', 22),
(2004, 'Margarita', 22),
(2005, 'Matilde', 22),
(2006, 'Mauá', 22),
(2007, 'Máximo Paz', 22),
(2008, 'Melincué', 22),
(2009, 'Miguel Torres', 22),
(2010, 'Moisés Ville', 22),
(2011, 'Monigotes', 22),
(2012, 'Monje', 22),
(2013, 'Monte Obscuridad', 22),
(2014, 'Monte Vera', 22),
(2015, 'Montefiore', 22),
(2016, 'Montes de Oca', 22),
(2017, 'Murphy', 22),
(2018, 'Ñanducita', 22),
(2019, 'Naré', 22),
(2020, 'Nelson', 22),
(2021, 'Nicanor E. Molinas', 22),
(2022, 'Nuevo Torino', 22),
(2023, 'Oliveros', 22),
(2024, 'Palacios', 22),
(2025, 'Pavón', 22),
(2026, 'Pavón Arriba', 22),
(2027, 'Pedro Gómez Cello', 22),
(2028, 'Pérez', 22),
(2029, 'Peyrano', 22),
(2030, 'Piamonte', 22),
(2031, 'Pilar', 22),
(2032, 'Piñero', 22),
(2033, 'Plaza Clucellas', 22),
(2034, 'Portugalete', 22),
(2035, 'Pozo Borrado', 22),
(2036, 'Progreso', 22),
(2037, 'Providencia', 22),
(2038, 'Pte. Roca', 22),
(2039, 'Pueblo Andino', 22),
(2040, 'Pueblo Esther', 22),
(2041, 'Pueblo Gral. San Martín', 22),
(2042, 'Pueblo Irigoyen', 22),
(2043, 'Pueblo Marini', 22),
(2044, 'Pueblo Muñoz', 22),
(2045, 'Pueblo Uranga', 22),
(2046, 'Pujato', 22),
(2047, 'Pujato N.', 22),
(2048, 'Rafaela', 22),
(2049, 'Ramayón', 22),
(2050, 'Ramona', 22),
(2051, 'Reconquista', 22),
(2052, 'Recreo', 22),
(2053, 'Ricardone', 22),
(2054, 'Rivadavia', 22),
(2055, 'Roldán', 22),
(2056, 'Romang', 22),
(2057, 'Rosario', 22),
(2058, 'Rueda', 22),
(2059, 'Rufino', 22),
(2060, 'Sa Pereira', 22),
(2061, 'Saguier', 22),
(2062, 'Saladero M. Cabal', 22),
(2063, 'Salto Grande', 22),
(2064, 'San Agustín', 22),
(2065, 'San Antonio de Obligado', 22),
(2066, 'San Bernardo (N.J.)', 22),
(2067, 'San Bernardo (S.J.)', 22),
(2068, 'San Carlos Centro', 22),
(2069, 'San Carlos N.', 22),
(2070, 'San Carlos S.', 22),
(2071, 'San Cristóbal', 22),
(2072, 'San Eduardo', 22),
(2073, 'San Eugenio', 22),
(2074, 'San Fabián', 22),
(2075, 'San Fco. de Santa Fé', 22),
(2076, 'San Genaro', 22),
(2077, 'San Genaro N.', 22),
(2078, 'San Gregorio', 22),
(2079, 'San Guillermo', 22),
(2080, 'San Javier', 22),
(2081, 'San Jerónimo del Sauce', 22),
(2082, 'San Jerónimo N.', 22),
(2083, 'San Jerónimo S.', 22),
(2084, 'San Jorge', 22),
(2085, 'San José de La Esquina', 22),
(2086, 'San José del Rincón', 22),
(2087, 'San Justo', 22),
(2088, 'San Lorenzo', 22),
(2089, 'San Mariano', 22);
INSERT INTO `localidad` (`codigo`, `nombre`, `provincia`) VALUES
(2090, 'San Martín de Las Escobas', 22),
(2091, 'San Martín N.', 22),
(2092, 'San Vicente', 22),
(2093, 'Sancti Spititu', 22),
(2094, 'Sanford', 22),
(2095, 'Santo Domingo', 22),
(2096, 'Santo Tomé', 22),
(2097, 'Santurce', 22),
(2098, 'Sargento Cabral', 22),
(2099, 'Sarmiento', 22),
(2100, 'Sastre', 22),
(2101, 'Sauce Viejo', 22),
(2102, 'Serodino', 22),
(2103, 'Silva', 22),
(2104, 'Soldini', 22),
(2105, 'Soledad', 22),
(2106, 'Soutomayor', 22),
(2107, 'Sta. Clara de Buena Vista', 22),
(2108, 'Sta. Clara de Saguier', 22),
(2109, 'Sta. Isabel', 22),
(2110, 'Sta. Margarita', 22),
(2111, 'Sta. Maria Centro', 22),
(2112, 'Sta. María N.', 22),
(2113, 'Sta. Rosa', 22),
(2114, 'Sta. Teresa', 22),
(2115, 'Suardi', 22),
(2116, 'Sunchales', 22),
(2117, 'Susana', 22),
(2118, 'Tacuarendí', 22),
(2119, 'Tacural', 22),
(2120, 'Tartagal', 22),
(2121, 'Teodelina', 22),
(2122, 'Theobald', 22),
(2123, 'Timbúes', 22),
(2124, 'Toba', 22),
(2125, 'Tortugas', 22),
(2126, 'Tostado', 22),
(2127, 'Totoras', 22),
(2128, 'Traill', 22),
(2129, 'Venado Tuerto', 22),
(2130, 'Vera', 22),
(2131, 'Vera y Pintado', 22),
(2132, 'Videla', 22),
(2133, 'Vila', 22),
(2134, 'Villa Amelia', 22),
(2135, 'Villa Ana', 22),
(2136, 'Villa Cañas', 22),
(2137, 'Villa Constitución', 22),
(2138, 'Villa Eloísa', 22),
(2139, 'Villa Gdor. Gálvez', 22),
(2140, 'Villa Guillermina', 22),
(2141, 'Villa Minetti', 22),
(2142, 'Villa Mugueta', 22),
(2143, 'Villa Ocampo', 22),
(2144, 'Villa San José', 22),
(2145, 'Villa Saralegui', 22),
(2146, 'Villa Trinidad', 22),
(2147, 'Villada', 22),
(2148, 'Virginia', 22),
(2149, 'Wheelwright', 22),
(2150, 'Zavalla', 22),
(2151, 'Zenón Pereira', 22),
(2152, 'Añatuya', 23),
(2153, 'Árraga', 23),
(2154, 'Bandera', 23),
(2155, 'Bandera Bajada', 23),
(2156, 'Beltrán', 23),
(2157, 'Brea Pozo', 23),
(2158, 'Campo Gallo', 23),
(2159, 'Capital', 23),
(2160, 'Chilca Juliana', 23),
(2161, 'Choya', 23),
(2162, 'Clodomira', 23),
(2163, 'Col. Alpina', 23),
(2164, 'Col. Dora', 23),
(2165, 'Col. El Simbolar Robles', 23),
(2166, 'El Bobadal', 23),
(2167, 'El Charco', 23),
(2168, 'El Mojón', 23),
(2169, 'Estación Atamisqui', 23),
(2170, 'Estación Simbolar', 23),
(2171, 'Fernández', 23),
(2172, 'Fortín Inca', 23),
(2173, 'Frías', 23),
(2174, 'Garza', 23),
(2175, 'Gramilla', 23),
(2176, 'Guardia Escolta', 23),
(2177, 'Herrera', 23),
(2178, 'Icaño', 23),
(2179, 'Ing. Forres', 23),
(2180, 'La Banda', 23),
(2181, 'La Cañada', 23),
(2182, 'Laprida', 23),
(2183, 'Lavalle', 23),
(2184, 'Loreto', 23),
(2185, 'Los Juríes', 23),
(2186, 'Los Núñez', 23),
(2187, 'Los Pirpintos', 23),
(2188, 'Los Quiroga', 23),
(2189, 'Los Telares', 23),
(2190, 'Lugones', 23),
(2191, 'Malbrán', 23),
(2192, 'Matara', 23),
(2193, 'Medellín', 23),
(2194, 'Monte Quemado', 23),
(2195, 'Nueva Esperanza', 23),
(2196, 'Nueva Francia', 23),
(2197, 'Palo Negro', 23),
(2198, 'Pampa de Los Guanacos', 23),
(2199, 'Pinto', 23),
(2200, 'Pozo Hondo', 23),
(2201, 'Quimilí', 23),
(2202, 'Real Sayana', 23),
(2203, 'Sachayoj', 23),
(2204, 'San Pedro de Guasayán', 23),
(2205, 'Selva', 23),
(2206, 'Sol de Julio', 23),
(2207, 'Sumampa', 23),
(2208, 'Suncho Corral', 23),
(2209, 'Taboada', 23),
(2210, 'Tapso', 23),
(2211, 'Termas de Rio Hondo', 23),
(2212, 'Tintina', 23),
(2213, 'Tomas Young', 23),
(2214, 'Vilelas', 23),
(2215, 'Villa Atamisqui', 23),
(2216, 'Villa La Punta', 23),
(2217, 'Villa Ojo de Agua', 23),
(2218, 'Villa Río Hondo', 23),
(2219, 'Villa Salavina', 23),
(2220, 'Villa Unión', 23),
(2221, 'Vilmer', 23),
(2222, 'Weisburd', 23),
(2223, 'Río Grande', 24),
(2224, 'Tolhuin', 24),
(2225, 'Ushuaia', 24),
(2226, 'Acheral', 25),
(2227, 'Agua Dulce', 25),
(2228, 'Aguilares', 25),
(2229, 'Alderetes', 25),
(2230, 'Alpachiri', 25),
(2231, 'Alto Verde', 25),
(2232, 'Amaicha del Valle', 25),
(2233, 'Amberes', 25),
(2234, 'Ancajuli', 25),
(2235, 'Arcadia', 25),
(2236, 'Atahona', 25),
(2237, 'Banda del Río Sali', 25),
(2238, 'Bella Vista', 25),
(2239, 'Buena Vista', 25),
(2240, 'Burruyacú', 25),
(2241, 'Capitán Cáceres', 25),
(2242, 'Cevil Redondo', 25),
(2243, 'Choromoro', 25),
(2244, 'Ciudacita', 25),
(2245, 'Colalao del Valle', 25),
(2246, 'Colombres', 25),
(2247, 'Concepción', 25),
(2248, 'Delfín Gallo', 25),
(2249, 'El Bracho', 25),
(2250, 'El Cadillal', 25),
(2251, 'El Cercado', 25),
(2252, 'El Chañar', 25),
(2253, 'El Manantial', 25),
(2254, 'El Mojón', 25),
(2255, 'El Mollar', 25),
(2256, 'El Naranjito', 25),
(2257, 'El Naranjo', 25),
(2258, 'El Polear', 25),
(2259, 'El Puestito', 25),
(2260, 'El Sacrificio', 25),
(2261, 'El Timbó', 25),
(2262, 'Escaba', 25),
(2263, 'Esquina', 25),
(2264, 'Estación Aráoz', 25),
(2265, 'Famaillá', 25),
(2266, 'Gastone', 25),
(2267, 'Gdor. Garmendia', 25),
(2268, 'Gdor. Piedrabuena', 25),
(2269, 'Graneros', 25),
(2270, 'Huasa Pampa', 25),
(2271, 'J. B. Alberdi', 25),
(2272, 'La Cocha', 25),
(2273, 'La Esperanza', 25),
(2274, 'La Florida', 25),
(2275, 'La Ramada', 25),
(2276, 'La Trinidad', 25),
(2277, 'Lamadrid', 25),
(2278, 'Las Cejas', 25),
(2279, 'Las Talas', 25),
(2280, 'Las Talitas', 25),
(2281, 'Los Bulacio', 25),
(2282, 'Los Gómez', 25),
(2283, 'Los Nogales', 25),
(2284, 'Los Pereyra', 25),
(2285, 'Los Pérez', 25),
(2286, 'Los Puestos', 25),
(2287, 'Los Ralos', 25),
(2288, 'Los Sarmientos', 25),
(2289, 'Los Sosa', 25),
(2290, 'Lules', 25),
(2291, 'M. García Fernández', 25),
(2292, 'Manuela Pedraza', 25),
(2293, 'Medinas', 25),
(2294, 'Monte Bello', 25),
(2295, 'Monteagudo', 25),
(2296, 'Monteros', 25),
(2297, 'Padre Monti', 25),
(2298, 'Pampa Mayo', 25),
(2299, 'Quilmes', 25),
(2300, 'Raco', 25),
(2301, 'Ranchillos', 25),
(2302, 'Río Chico', 25),
(2303, 'Río Colorado', 25),
(2304, 'Río Seco', 25),
(2305, 'Rumi Punco', 25),
(2306, 'San Andrés', 25),
(2307, 'San Felipe', 25),
(2308, 'San Ignacio', 25),
(2309, 'San Javier', 25),
(2310, 'San José', 25),
(2311, 'San Miguel de 25', 25),
(2312, 'San Pedro', 25),
(2313, 'San Pedro de Colalao', 25),
(2314, 'Santa Rosa de Leales', 25),
(2315, 'Sgto. Moya', 25),
(2316, 'Siete de Abril', 25),
(2317, 'Simoca', 25),
(2318, 'Soldado Maldonado', 25),
(2319, 'Sta. Ana', 25),
(2320, 'Sta. Cruz', 25),
(2321, 'Sta. Lucía', 25),
(2322, 'Taco Ralo', 25),
(2323, 'Tafí del Valle', 25),
(2324, 'Tafí Viejo', 25),
(2325, 'Tapia', 25),
(2326, 'Teniente Berdina', 25),
(2327, 'Trancas', 25),
(2328, 'Villa Belgrano', 25),
(2329, 'Villa Benjamín Araoz', 25),
(2330, 'Villa Chiligasta', 25),
(2331, 'Villa de Leales', 25),
(2332, 'Villa Quinteros', 25),
(2333, 'Yánima', 25),
(2334, 'Yerba Buena', 25),
(2335, 'Yerba Buena (S)', 25);

-- --------------------------------------------------------

--
-- Estructura de tabla para la tabla `permisos`
--

CREATE TABLE `permisos` (
  `codigo` int(11) NOT NULL,
  `nombre` varchar(45) DEFAULT NULL,
  `descripcion` varchar(500) DEFAULT NULL
) ENGINE=InnoDB DEFAULT CHARSET=latin1;

--
-- Volcado de datos para la tabla `permisos`
--

INSERT INTO `permisos` (`codigo`, `nombre`, `descripcion`) VALUES
(1, 'admin', 'Administrador, puede crear, editar y usuarios y acceder a todas las secciones del sistema.'),
(2, 'usuario_global', 'Usuario que puede acceder a todas las secciones del sistema, excepto a las de administración de usuarios y permisos.');

-- --------------------------------------------------------

--
-- Estructura de tabla para la tabla `persona`
--

CREATE TABLE `persona` (
  `codigo` int(11) NOT NULL,
  `nombre` varchar(200) COLLATE utf8_spanish_ci NOT NULL,
  `apellido` varchar(200) COLLATE utf8_spanish_ci NOT NULL,
  `dni` int(11) NOT NULL,
  `fecha_nacimiento` date NOT NULL,
  `domicilio` int(11) NOT NULL
) ENGINE=InnoDB DEFAULT CHARSET=utf8 COLLATE=utf8_spanish_ci;

--
-- Volcado de datos para la tabla `persona`
--

INSERT INTO `persona` (`codigo`, `nombre`, `apellido`, `dni`, `fecha_nacimiento`, `domicilio`) VALUES
(1, 'Luca', 'Trejo', 33672209, '1989-11-10', 4),
(2, 'Luca', 'Trejo', 33672209, '1989-11-10', 5),
(3, 'Luca', 'Trejo', 33672209, '1989-11-10', 6),
(4, 'Luca', 'Trejo', 33672209, '1989-11-10', 7),
(5, 'Luca', 'Trejo', 33672209, '1989-11-10', 8),
(6, 'TEST', 'weradsfa', 123123, '1233-03-12', 9),
(7, 'TEST', 'weradsfa', 123123, '1233-03-12', 10),
(8, 'Luca', 'Trejo', 33672209, '1989-11-10', 11),
(9, 'Luca', 'Trejo', 33672209, '1989-11-10', 13),
(10, 'Jose', 'Perez', 33672209, '1990-11-10', 23),
(11, 'Jose', 'Perez', 33672209, '2017-03-09', 24);

-- --------------------------------------------------------

--
-- Estructura de tabla para la tabla `proveedor`
--

CREATE TABLE `proveedor` (
  `codigo` int(11) NOT NULL,
  `nombre` varchar(55) COLLATE utf8_spanish_ci NOT NULL,
  `razon_social` varchar(250) COLLATE utf8_spanish_ci NOT NULL,
  `domicilio` int(11) NOT NULL,
  `categoria` int(11) NOT NULL
) ENGINE=InnoDB DEFAULT CHARSET=utf8 COLLATE=utf8_spanish_ci;

--
-- Volcado de datos para la tabla `proveedor`
--

INSERT INTO `proveedor` (`codigo`, `nombre`, `razon_social`, `domicilio`, `categoria`) VALUES
(7, 'Marcas', 'MARCAS S.A.', 20, 3),
(9, 'Chialvo', 'CHIALVO S.A.', 22, 4),
(10, 'Falabella', 'FALABELLA S.A.', 25, 5);

-- --------------------------------------------------------

--
-- Estructura de tabla para la tabla `provincia`
--

CREATE TABLE `provincia` (
  `codigo` int(11) NOT NULL,
  `nombre` varchar(55) COLLATE utf8_spanish_ci NOT NULL
) ENGINE=InnoDB DEFAULT CHARSET=utf8 COLLATE=utf8_spanish_ci;

--
-- Volcado de datos para la tabla `provincia`
--

INSERT INTO `provincia` (`codigo`, `nombre`) VALUES
(1, 'Buenos Aires'),
(2, 'Buenos Aires-GBA'),
(3, 'Capital Federal'),
(4, 'Catamarca'),
(5, 'Chaco'),
(6, 'Chubut'),
(7, 'Córdoba'),
(8, 'Corrientes'),
(9, 'Entre Ríos'),
(10, 'Formosa'),
(11, 'Jujuy'),
(12, 'La Pampa'),
(13, 'La Rioja'),
(14, 'Mendoza'),
(15, 'Misiones'),
(16, 'Neuquén'),
(17, 'Río Negro'),
(18, 'Salta'),
(19, 'San Juan'),
(20, 'San Luis'),
(21, 'Santa Cruz'),
(22, 'Santa Fe'),
(23, 'Santiago del Estero'),
(24, 'Tierra del Fuego'),
(25, 'Tucumán');

-- --------------------------------------------------------

--
-- Estructura de tabla para la tabla `usuarios`
--

CREATE TABLE `usuarios` (
  `codigo` int(11) NOT NULL,
  `nombre` varchar(45) DEFAULT NULL,
  `apellido` varchar(45) DEFAULT NULL,
  `email` varchar(45) DEFAULT NULL,
  `username` varchar(45) DEFAULT NULL,
  `password` varchar(45) DEFAULT NULL,
  `codigo_permiso` int(11) DEFAULT NULL
) ENGINE=InnoDB DEFAULT CHARSET=latin1;

--
-- Volcado de datos para la tabla `usuarios`
--

INSERT INTO `usuarios` (`codigo`, `nombre`, `apellido`, `email`, `username`, `password`, `codigo_permiso`) VALUES
(1, 'Luca', 'Trejo', 'ltrejo@gmail.com', 'ltrejo', 'b59cccaf9b8f95e7ba6912e5249eb128', 1),
(2, 'Facu', 'Barbetta', 'fbarbetta@gmail.com', 'fbarbetta', '9ab02f2be8ab19be1203576ab2b77b8f', 2);

--
-- Índices para tablas volcadas
--

--
-- Indices de la tabla `articulo`
--
ALTER TABLE `articulo`
  ADD PRIMARY KEY (`codigo`),
  ADD KEY `categoria` (`categoria`);

--
-- Indices de la tabla `cargo`
--
ALTER TABLE `cargo`
  ADD PRIMARY KEY (`codigo`);

--
-- Indices de la tabla `categoria`
--
ALTER TABLE `categoria`
  ADD PRIMARY KEY (`codigo`);

--
-- Indices de la tabla `compra`
--
ALTER TABLE `compra`
  ADD PRIMARY KEY (`codigo`),
  ADD KEY `proveedor` (`proveedor`),
  ADD KEY `empleado` (`empleado`);

--
-- Indices de la tabla `detalle_compra`
--
ALTER TABLE `detalle_compra`
  ADD PRIMARY KEY (`codigo`),
  ADD KEY `articulo` (`articulo`),
  ADD KEY `compra` (`compra`);

--
-- Indices de la tabla `domicilio`
--
ALTER TABLE `domicilio`
  ADD PRIMARY KEY (`codigo`),
  ADD KEY `localidad` (`localidad`);

--
-- Indices de la tabla `empleado`
--
ALTER TABLE `empleado`
  ADD PRIMARY KEY (`codigo`),
  ADD KEY `cargo` (`cargo`),
  ADD KEY `persona` (`persona`);

--
-- Indices de la tabla `localidad`
--
ALTER TABLE `localidad`
  ADD PRIMARY KEY (`codigo`),
  ADD KEY `provincia` (`provincia`);

--
-- Indices de la tabla `permisos`
--
ALTER TABLE `permisos`
  ADD PRIMARY KEY (`codigo`);

--
-- Indices de la tabla `persona`
--
ALTER TABLE `persona`
  ADD PRIMARY KEY (`codigo`),
  ADD KEY `domicilio` (`domicilio`);

--
-- Indices de la tabla `proveedor`
--
ALTER TABLE `proveedor`
  ADD PRIMARY KEY (`codigo`),
  ADD KEY `categoria` (`categoria`),
  ADD KEY `domicilio` (`domicilio`);

--
-- Indices de la tabla `provincia`
--
ALTER TABLE `provincia`
  ADD PRIMARY KEY (`codigo`);

--
-- Indices de la tabla `usuarios`
--
ALTER TABLE `usuarios`
  ADD PRIMARY KEY (`codigo`),
  ADD KEY `fk_usuario_permiso_idx` (`codigo_permiso`);

--
-- AUTO_INCREMENT de las tablas volcadas
--

--
-- AUTO_INCREMENT de la tabla `articulo`
--
ALTER TABLE `articulo`
  MODIFY `codigo` int(11) NOT NULL AUTO_INCREMENT, AUTO_INCREMENT=6;
--
-- AUTO_INCREMENT de la tabla `cargo`
--
ALTER TABLE `cargo`
  MODIFY `codigo` int(11) NOT NULL AUTO_INCREMENT, AUTO_INCREMENT=7;
--
-- AUTO_INCREMENT de la tabla `categoria`
--
ALTER TABLE `categoria`
  MODIFY `codigo` int(11) NOT NULL AUTO_INCREMENT, AUTO_INCREMENT=6;
--
-- AUTO_INCREMENT de la tabla `compra`
--
ALTER TABLE `compra`
  MODIFY `codigo` int(11) NOT NULL AUTO_INCREMENT, AUTO_INCREMENT=3;
--
-- AUTO_INCREMENT de la tabla `detalle_compra`
--
ALTER TABLE `detalle_compra`
  MODIFY `codigo` int(11) NOT NULL AUTO_INCREMENT, AUTO_INCREMENT=5;
--
-- AUTO_INCREMENT de la tabla `domicilio`
--
ALTER TABLE `domicilio`
  MODIFY `codigo` int(11) NOT NULL AUTO_INCREMENT, AUTO_INCREMENT=26;
--
-- AUTO_INCREMENT de la tabla `empleado`
--
ALTER TABLE `empleado`
  MODIFY `codigo` int(11) NOT NULL AUTO_INCREMENT, AUTO_INCREMENT=5;
--
-- AUTO_INCREMENT de la tabla `localidad`
--
ALTER TABLE `localidad`
  MODIFY `codigo` int(11) NOT NULL AUTO_INCREMENT, AUTO_INCREMENT=2336;
--
-- AUTO_INCREMENT de la tabla `permisos`
--
ALTER TABLE `permisos`
  MODIFY `codigo` int(11) NOT NULL AUTO_INCREMENT, AUTO_INCREMENT=3;
--
-- AUTO_INCREMENT de la tabla `persona`
--
ALTER TABLE `persona`
  MODIFY `codigo` int(11) NOT NULL AUTO_INCREMENT, AUTO_INCREMENT=12;
--
-- AUTO_INCREMENT de la tabla `proveedor`
--
ALTER TABLE `proveedor`
  MODIFY `codigo` int(11) NOT NULL AUTO_INCREMENT, AUTO_INCREMENT=11;
--
-- AUTO_INCREMENT de la tabla `provincia`
--
ALTER TABLE `provincia`
  MODIFY `codigo` int(11) NOT NULL AUTO_INCREMENT, AUTO_INCREMENT=26;
--
-- AUTO_INCREMENT de la tabla `usuarios`
--
ALTER TABLE `usuarios`
  MODIFY `codigo` int(11) NOT NULL AUTO_INCREMENT, AUTO_INCREMENT=3;
--
-- Restricciones para tablas volcadas
--

--
-- Filtros para la tabla `articulo`
--
ALTER TABLE `articulo`
  ADD CONSTRAINT `articulo_ibfk_1` FOREIGN KEY (`categoria`) REFERENCES `categoria` (`codigo`);

--
-- Filtros para la tabla `compra`
--
ALTER TABLE `compra`
  ADD CONSTRAINT `compra_ibfk_1` FOREIGN KEY (`proveedor`) REFERENCES `proveedor` (`codigo`),
  ADD CONSTRAINT `compra_ibfk_2` FOREIGN KEY (`empleado`) REFERENCES `empleado` (`codigo`);

--
-- Filtros para la tabla `detalle_compra`
--
ALTER TABLE `detalle_compra`
  ADD CONSTRAINT `detalle_compra_ibfk_1` FOREIGN KEY (`articulo`) REFERENCES `articulo` (`codigo`),
  ADD CONSTRAINT `detalle_compra_ibfk_2` FOREIGN KEY (`compra`) REFERENCES `compra` (`codigo`);

--
-- Filtros para la tabla `domicilio`
--
ALTER TABLE `domicilio`
  ADD CONSTRAINT `domicilio_ibfk_1` FOREIGN KEY (`localidad`) REFERENCES `localidad` (`codigo`);

--
-- Filtros para la tabla `empleado`
--
ALTER TABLE `empleado`
  ADD CONSTRAINT `empleado_ibfk_1` FOREIGN KEY (`persona`) REFERENCES `persona` (`codigo`),
  ADD CONSTRAINT `empleado_ibfk_2` FOREIGN KEY (`cargo`) REFERENCES `cargo` (`codigo`);

--
-- Filtros para la tabla `localidad`
--
ALTER TABLE `localidad`
  ADD CONSTRAINT `localidad_ibfk_1` FOREIGN KEY (`provincia`) REFERENCES `provincia` (`codigo`);

--
-- Filtros para la tabla `persona`
--
ALTER TABLE `persona`
  ADD CONSTRAINT `persona_ibfk_1` FOREIGN KEY (`domicilio`) REFERENCES `domicilio` (`codigo`);

--
-- Filtros para la tabla `proveedor`
--
ALTER TABLE `proveedor`
  ADD CONSTRAINT `proveedor_ibfk_1` FOREIGN KEY (`domicilio`) REFERENCES `domicilio` (`codigo`),
  ADD CONSTRAINT `proveedor_ibfk_2` FOREIGN KEY (`categoria`) REFERENCES `categoria` (`codigo`);

--
-- Filtros para la tabla `usuarios`
--
ALTER TABLE `usuarios`
  ADD CONSTRAINT `fk_usuario_permiso` FOREIGN KEY (`codigo_permiso`) REFERENCES `permisos` (`codigo`) ON DELETE NO ACTION ON UPDATE NO ACTION;

/*!40101 SET CHARACTER_SET_CLIENT=@OLD_CHARACTER_SET_CLIENT */;
/*!40101 SET CHARACTER_SET_RESULTS=@OLD_CHARACTER_SET_RESULTS */;
/*!40101 SET COLLATION_CONNECTION=@OLD_COLLATION_CONNECTION */;
